718,C0003257,1
538,C0235078,1
2176,C0006826,1
1956,C1319315,1
332,C1266042,1
796,C0424295,1
2908,C0009171,1
1281,C0086565,1
348,C0009241,1
364,C3714756,1
2516,C0949595,1
2348,C3714756,1
627,C0917816,1
2950,C0036939,1
590,C0036572,1
2952,C0403823,1
1813,C0236807,1
657,C0345893,1
2166,C0087169,1
1139,C0751292,1
857,C0033578,1
2056,C1565662,1
241,C0007785,1
1407,C0023893,1
590,C0080203,1
668,C1332218,1
2879,C1257931,1
2052,C0037286,1
2260,C0342384,1
1142,C0600427,1
43,C0751295,1
627,C0751522,1
468,C0011570,1
983,C0023893,1
238,C0278601,1
729,C0006663,1
1960,C0240991,1
627,C0002395,1
1080,C1257799,1
43,C0266487,1
958,C1257931,1
859,C3495498,1
885,C0036341,1
2776,C0017668,1
332,C1527249,1
2982,C0340100,1
341,C0018802,1
2322,C0023467,1
1476,C1384408,1
3021,C0024667,1
2065,C0005684,1
207,C0029925,1
284,C1623038,1
672,C0858252,1
2899,C0001973,1
958,C0311335,1
2034,C0008625,1
2920,C0311375,1
2628,C0024668,1
546,C1136249,1
1641,C1848200,1
2624,C0376545,1
348,C0011206,1
71,C0010278,1
1788,C0020981,1
2041,C0494463,1
668,C1862263,1
2911,C0752123,1
2023,C0006142,1
583,C4225281,1
60,C0151744,1
1139,C0087169,1
2784,C4041558,1
1488,C0007621,1
664,C0024623,1
2263,C3887461,1
18,C0017168,1
1291,C1834674,1
348,C0234535,1
1981,C0030567,1
2778,C0033835,1
1029,C0006413,1
902,C0024667,1
2176,C0154017,1
2628,C1257925,1
2559,C1527249,1
367,C0334580,1
673,C0006118,1
1773,C0242380,1
627,C1510586,1
2475,C1335167,1
1999,C0750952,1
147,C1383860,1
1822,C0751782,1
1394,C0236736,1
2006,C0019284,1
2071,C0007117,1
2908,C0086133,1
2100,C0021361,1
2937,C0024668,1
1545,C0001430,1
2034,C1266042,1
1687,C0003873,1
135,C0270824,1
2876,C0005695,1
1902,C1879321,1
1291,C0242379,1
706,C0751197,1
178,C0007194,1
2796,C0751190,1
1880,C0023467,1
2056,C0263628,1
3039,C0024668,1
2187,C4025414,1
1297,C0025237,1
351,C2931672,1
307,C0205698,1
887,C0028768,1
3014,C0333704,1
2023,C0086743,1
735,C0343097,1
1559,C0019193,1
2915,C0013170,1
2488,C1856716,1
383,C0282313,1
1813,C0040336,1
210,C0457190,1
2626,C0085762,1
475,C0024121,1
2662,C0678222,1
2035,C0013902,1
1557,C0740858,1
1956,C0007131,1
847,C0422852,1
2702,C0036341,1
468,C1134719,1
1832,C3809719,1
776,C0020428,1
1743,C0349464,1
1050,C0007114,1
135,C0917801,1
274,C0276496,1
1363,C0242379,1
1499,C0205648,1
1366,C0033578,1
111,C1535926,1
958,C1720957,1
2247,C0021368,1
174,C0019208,1
596,C0345967,1
627,C0022333,1
760,C1849435,1
1491,C3495552,1
1822,C0751778,1
673,C0205768,1
1277,C0004364,1
1031,C0017638,1
718,C0740391,1
1392,C0751524,1
2289,C1571984,1
1392,C0751056,1
2581,C3714756,1
2741,C0752202,1
776,C3665473,1
675,C0006826,1
570,C0008370,1
462,C0149871,1
2908,C0011573,1
2316,C1846129,1
1514,C0334607,1
2643,C0026858,1
2936,C0752104,1
1147,C3150891,1
718,C0013221,1
1129,C0271680,1
348,C0020538,1
154,C1449563,1
1244,C4317109,1
2782,C4310774,1
2950,C0004403,1
538,C0019054,1
2205,C0042109,1
1565,C0751564,1
2195,C0027533,1
1798,C2931004,1
2619,C0078982,1
1612,C1266042,1
1234,C0086196,1
1674,C0017658,1
210,C0234535,1
551,C1565662,1
1616,C0206686,1
805,C0600427,1
2260,C0149925,1
246,C0014859,1
2100,C1458155,1
1719,C0000822,1
506,C0242184,1
207,C0086237,1
191,C0268621,1
641,C0007137,1
197,C0013221,1
1116,C0029408,1
1813,C0751088,1
1236,C0751522,1
1312,C1257877,1
581,C0678222,1
1019,C0006118,1
675,C0027831,1
1294,C1843477,1
727,C1449646,1
2260,C0750936,1
1718,C0034362,1
2064,C0677886,1
176,C0003873,1
213,C0026848,1
545,C0751571,1
2596,C0007102,1
1292,C0003886,1
3039,C0205696,1
111,C0205698,1
2897,C0234533,1
2774,C0752198,1
1808,C0750900,1
1277,C0020538,1
216,C0242422,1
2260,C0036341,1
2897,C0422850,1
1288,C0086533,1
210,C1266044,1
481,C0013146,1
1281,C0003504,1
1138,C0270824,1
567,C0004364,1
197,C2609414,1
1814,C0041696,1
1376,C1833511,1
639,C0242380,1
1813,C0422852,1
1071,C0598784,1
1620,C1527249,1
1356,C0018995,1
1109,C1456784,1
2250,C0854699,1
1277,C0268363,1
1540,C0205969,1
1308,C4304724,1
2212,C0024530,1
356,C1846545,1
2160,C0015523,1
2290,C0751495,1
3030,C0003886,1
2065,C0011570,1
1591,C0242379,1
81,C0333497,1
1806,C1257931,1
93,C0175707,1
2064,C1368275,1
488,C1383860,1
1191,C0027686,1
2908,C0041696,1
885,C0751496,1
1019,C0024667,1
1066,C0242379,1
2516,C3714756,1
1636,C0010200,1
887,C0751211,1
2570,C0005586,1
207,C0858252,1
429,C0027765,1
867,C0431664,1
2671,C0003886,1
2175,C0278996,1
1277,C0345050,1
1284,C1867983,1
2892,C0011581,1
623,C0234230,1
2318,C0751336,1
2936,C0033626,1
1356,C0004134,1
1029,C1269683,1
1158,C0009375,1
2149,C0024623,1
1316,C0496905,1
477,C1865323,1
1081,C0018991,1
101,C0019193,1
135,C0236807,1
1277,C0018824,1
551,C0233750,1
2770,C0038587,1
2099,C1720887,1
1376,C1833518,1
2059,C3892050,1
546,C0010606,1
2065,C0024121,1
894,C1955869,1
183,C0751212,1
2902,C2936719,1
1287,C0086533,1
213,C0016059,1
889,C1861786,1
18,C0751651,1
2774,C3554447,1
1497,C3714756,1
307,C0023893,1
847,C0011574,1
2056,C2239176,1
1072,C0080178,1
183,C0040053,1
835,C1266044,1
1071,C0020476,1
861,C0023452,1
2920,C0086743,1
332,C0279702,1
1993,C0149925,1
182,C0036095,1
1029,C0158995,1
2263,C0152427,1
1136,C4316903,1
573,C1134719,1
2175,C0158995,1
2625,C0496956,1
443,C0751667,1
2247,C0040028,1
3002,C0019158,1
2878,C0205642,1
2100,C0750935,1
2247,C0025193,1
2110,C0268596,1
672,C0006826,1
1299,C0270960,1
1440,C4279912,1
894,C1863924,1
2890,C0023186,1
1131,C0041696,1
270,C0268123,1
2705,C0282313,1
567,C0041755,1
2678,C0031051,1
2187,C2749240,1
862,C0149925,1
713,C0239946,1
1718,C1865596,1
730,C0023893,1
2596,C0013415,1
2538,C0017920,1
2030,C0030297,1
1233,C0345904,1
1536,C0027055,1
1191,C3714758,1
2629,C1961835,1
1482,C2931574,1
1406,C0035334,1
763,C3810404,1
1565,C0040827,1
2778,C0011573,1
3030,C0035410,1
629,C0452047,1
815,C0751213,1
2697,C0235874,1
1522,C0026998,1
1375,C0038433,1
18,C0751056,1
1282,C2937358,1
1636,C0149721,1
412,C0524610,1
274,C0410207,1
274,C3645536,1
635,C0027806,1
142,C2931673,1
1748,C0027626,1
1395,C0024115,1
2558,C0149958,1
2567,C3714756,1
1233,C0023903,1
348,C0085762,1
741,C0006142,1
1938,C0086743,1
2321,C0023890,1
2263,C0376634,1
2562,C4317339,1
2023,C0007137,1
1136,C0422853,1
1244,C0003873,1
1636,C0021364,1
1401,C0274862,1
2737,C0266453,1
2566,C4317339,1
2147,C0751500,1
540,C0033578,1
1106,C0238111,1
1740,C0005586,1
2067,C0027658,1
1437,C0017181,1
183,C0270844,1
1439,C0033975,1
32,C0021655,1
2161,C0019207,1
408,C0041696,1
10,C0344479,1
2950,C0577631,1
274,C0546264,1
596,C0019207,1
10,C0013221,1
595,C0750979,1
1674,C0235833,1
213,C0038325,1
594,C0024776,1
1639,C0752098,1
210,C0023176,1
2294,C3179349,1
116,C0005586,1
2324,C0278883,1
2290,C0494475,1
249,C0751110,1
213,C0017662,1
847,C0270824,1
24,C0008924,1
2898,C0006142,1
2052,C0345967,1
623,C0011853,1
1136,C4505436,1
2290,C0234533,1
2118,C0027671,1
102,C0678222,1
2098,C0003129,1
2799,C0086649,1
1137,C4505436,1
1040,C1262760,1
405,C0000786,1
1493,C3495801,1
1644,C1868675,1
2705,C3714756,1
1012,C0033578,1
581,C0022660,1
219,C0007102,1
1191,C0270844,1
2023,C0546837,1
1376,C0270960,1
627,C0282126,1
217,C0009402,1
2891,C0270823,1
864,C1136382,1
2056,C0086525,1
1392,C0270823,1
156,C0018800,1
348,C0011265,1
2572,C0751056,1
199,C0030567,1
2558,C0422852,1
348,C0003850,1
367,C0004114,1
2200,C0265287,1
462,C0752144,1
134,C0013182,1
718,C0086445,1
2625,C0014458,1
1728,C0086692,1
43,C0750900,1
2641,C0020473,1
1026,C0023893,1
551,C1136135,1
842,C0917798,1
2516,C0238395,1
2316,C4273726,1
3043,C0007820,1
590,C0424295,1
1525,C0023893,1
2166,C4316903,1
701,C3853041,1
2778,C0003130,1
307,C0023467,1
1468,C0205697,1
2488,C0948896,1
2290,C0917816,1
1839,C3495559,1
1277,C4225429,1
3005,C0023467,1
1340,C0268237,1
1674,C0264886,1
1906,C0740391,1
2309,C0152013,1
775,C0178417,1
2668,C3150974,1
846,C0030305,1
100,C0020452,1
2131,C3714756,1
238,C0027819,1
374,C1708349,1
2739,C0279626,1
362,C1838359,1
1813,C4317109,1
627,C0270611,1
2554,C0005586,1
836,C0002152,1
857,C1258104,1
1759,C4225357,1
1959,C0027888,1
2308,C0206655,1
2057,C0006142,1
1268,C0274285,1
2296,C0086543,1
1139,C0795690,1
2243,C0268389,1
1592,C0205641,1
2056,C1565489,1
635,C0024304,1
2056,C0271683,1
1282,C2930808,1
2811,C0087086,1
2119,C0033578,1
43,C0007134,1
2067,C0027627,1
101,C0860207,1
1647,C0860207,1
948,C0151744,1
2720,C0543888,1
2752,C0019207,1
835,C0020796,1
2641,C0151911,1
355,C0026998,1
150,C0018800,1
1535,C1563937,1
1440,C0026848,1
1634,C1864738,1
1316,C0023893,1
240,C0205649,1
9,C0086692,1
945,C0026998,1
1522,C0023467,1
2950,C0030567,1
415,C0282528,1
1959,C0004352,1
1490,C0205644,1
1831,C1257963,1
2592,C1112213,1
538,C0178324,1
2932,C0452047,1
1440,C0025193,1
718,C0007787,1
861,C2713368,1
2353,C0269102,1
2592,C0016952,1
2626,C3280777,1
1294,C0268371,1
2776,C3838883,1
2202,C1852020,1
811,C0027626,1
1823,C0025202,1
270,C0270948,1
1268,C0028754,1
2052,C0236807,1
2263,C0265326,1
581,C0007102,1
2629,C0242423,1
2739,C0011570,1
587,C0268568,1
885,C4316903,1
1297,C0013366,1
1586,C0020594,1
1588,C0086132,1
1808,C0494463,1
2146,C0280100,1
1719,C0860207,1
546,C0796003,1
2911,C0393682,1
2720,C0029422,1
1636,C0001418,1
1650,C0282577,1
134,C0472381,1
1488,C0033578,1
204,C3714756,1
2952,C1306837,1
1583,C0751110,1
2213,C0024530,1
2263,C0496905,1
1950,C1269683,1
2354,C0022734,1
2896,C3714756,1
2697,C1257931,1
409,C0011570,1
1843,C0162351,1
2273,C4225159,1
2322,C1961102,1
549,C0342727,1
2922,C0278996,1
2175,C0015625,1
142,C0009402,1
1634,C1623038,1
1439,C2931035,1
1075,C2713394,1
866,C0023893,1
2621,C1565662,1
2353,C0236733,1
43,C0700359,1
471,C0041755,1
283,C0001349,1
307,C0282313,1
1468,C0024667,1
215,C1845408,1
43,C0234533,1
2775,C0087169,1
1499,C0027746,1
21,C0035220,1
2264,C0033578,1
581,C0079773,1
2775,C0393706,1
675,C0015625,1
2593,C0422853,1
136,C0027627,1
1029,C0376407,1
847,C0022650,1
1356,C2239176,1
1103,C0234533,1
9,C0005684,1
867,C0023467,1
2773,C0078917,1
335,C0205644,1
309,C1879321,1
307,C0032927,1
347,C0751701,1
2185,C0311335,1
540,C0041696,1
650,C1257931,1
183,C0017658,1
1440,C0032343,1
613,C1292769,1
2778,C4016140,1
207,C0334608,1
1280,C0029408,1
832,C0948089,1
2706,C0020757,1
2534,C0023893,1
538,C0268353,1
1816,C0025193,1
2559,C0751847,1
1280,C4302548,1
2629,C0752098,1
1386,C0027651,1
1548,C0205641,1
1956,C0022660,1
156,C0011581,1
226,C0027626,1
673,C3501844,1
2194,C0025363,1
540,C0023903,1
175,C0268225,1
1409,C3888098,1
781,C0234238,1
1728,C0009402,1
210,C0234533,1
1588,C0038279,1
2166,C0740858,1
1385,C0005586,1
1287,C1567742,1
1565,C0014549,1
624,C0021368,1
1129,C0011570,1
498,C0011265,1
1588,C0020619,1
2944,C0004153,1
1535,C0018203,1
1906,C0018801,1
361,C0037929,1
240,C1563937,1
2623,C0010828,1
1960,C0011581,1
1027,C0549473,1
2081,C0152013,1
367,C0085207,1
1015,C0005586,1
265,C0399372,1
2555,C0376280,1
135,C0235843,1
1965,C0494463,1
2147,C0020564,1
1019,C0751888,1
2644,C0023893,1
2322,C0023518,1
213,C0013221,1
538,C0007959,1
1392,C0422855,1
60,C0393610,1
1395,C0525045,1
958,C0003873,1
634,C0001418,1
580,C1140680,1
2495,C0282193,1
725,C0036341,1
1495,C3463824,1
847,C3146244,1
1366,C0376358,1
328,C0272945,1
1244,C0751496,1
1052,C1879321,1
1268,C0020649,1
652,C1968949,1
590,C0353676,1
1906,C0235527,1
958,C0026769,1
1815,C0751555,1
2195,C0036095,1
210,C0334608,1
3012,C3495559,1
2245,C1844569,1
760,C0751406,1
847,C0027055,1
2932,C0376358,1
38,C0036572,1
2068,C1859312,1
846,C1840348,1
2100,C0600427,1
2548,C0003886,1
2593,C0751110,1
2245,C3714756,1
359,C0268443,1
2554,C0543888,1
1577,C0376358,1
177,C2936719,1
717,C3809653,1
590,C0018989,1
2737,C0010278,1
1956,C0971858,1
358,C0433905,1
183,C4048158,1
2771,C0001618,1
1906,C0751845,1
1437,C0266453,1
183,C2936380,1
1813,C0751494,1
655,C0005974,1
38,C0751123,1
1649,C0206634,1
207,C0030193,1
41,C0272945,1
2638,C0751197,1
2166,C0149958,1
2729,C0242379,1
351,C3889979,1
191,C0019202,1
1445,C0024141,1
2099,C0014170,1
2185,C0270823,1
2158,C0008533,1
2153,C0600433,1
1355,C1850599,1
351,C2751536,1
2296,C0010964,1
2130,C0281508,1
978,C0006142,1
216,C0279702,1
2166,C0038580,1
1543,C0024117,1
999,C0007097,1
1644,C1839839,1
673,C0751061,1
2668,C0751378,1
650,C0392514,1
18,C0494475,1
43,C0018273,1
672,C0006142,1
1277,C0029434,1
983,C0079744,1
2913,C0393672,1
2200,C0162872,1
43,C0235082,1
627,C0149958,1
1938,C0678222,1
25,C0023903,1
2072,C0274862,1
207,C0234254,1
2335,C0678222,1
1292,C1834674,1
2321,C4277682,1
914,C0040053,1
1786,C0993582,1
857,C0018800,1
1138,C0001956,1
1508,C0033687,1
2201,C0345050,1
1029,C0024299,1
590,C4017545,1
2915,C0236969,1
112,C4225385,1
175,C3714756,1
1804,C0431350,1
1653,C0013146,1
1588,C0205644,1
213,C0751111,1
1378,C0276496,1
2495,C0011581,1
1312,C0005587,1
2147,C0040053,1
239,C0020429,1
1131,C3658290,1
2766,C3714758,1
889,C1861785,1
3026,C0000822,1
2182,C3714756,1
538,C0036572,1
1420,C0086543,1
1400,C3178803,1
2006,C0034069,1
429,C0020796,1
1138,C0013222,1
610,C0543888,1
551,C0022660,1
2597,C0029459,1
25,C0345958,1
270,C3714933,1
481,C0740858,1
1161,C0020241,1
624,C0022660,1
1839,C0024623,1
359,C4302111,1
2100,C0334582,1
2879,C0848676,1
885,C0751123,1
2263,C0033975,1
1591,C0035078,1
3040,C0002312,1
1906,C0030920,1
1812,C0005587,1
1974,C0027627,1
1292,C0013720,1
871,C0740376,1
2166,C0349204,1
2243,C2584774,1
1591,C0020438,1
2583,C0037773,1
351,C0338630,1
885,C0751056,1
383,C0026848,1
1203,C1850442,1
1465,C0456483,1
2778,C0001624,1
1139,C0086189,1
2296,C0752124,1
249,C0234535,1
210,C0751494,1
1814,C0270824,1
2512,C0011573,1
2335,C0036341,1
1746,C0004352,1
2516,C3494522,1
773,C0014553,1
34,C0028754,1
652,C2677434,1
2908,C0036358,1
1390,C0025945,1
1373,C3714958,1
673,C1140680,1
147,C4505436,1
885,C0003123,1
1629,C1855369,1
1813,C0422853,1
1132,C0234377,1
1719,C2751584,1
213,C0027707,1
1634,C0238288,1
673,C1527404,1
51,C0543888,1
1814,C0016995,1
622,C0860207,1
2919,C1527303,1
150,C0016059,1
1778,C0543888,1
1132,C0234381,1
842,C0031117,1
2033,C1458155,1
1107,C0376358,1
408,C0023890,1
1401,C0023290,1
1612,C0279702,1
183,C0162871,1
1144,C4225371,1
2645,C0342277,1
1029,C0005426,1
118,C0085580,1
1410,C0007194,1
28,C0751956,1
1622,C1257925,1
825,C1869123,1
2632,C0035410,1
1203,C0220994,1
595,C0032927,1
207,C0349604,1
1440,C4277682,1
701,C1850343,1
266,C0029927,1
2066,C0151779,1
948,C0035126,1
1268,C0026650,1
1200,C0751383,1
249,C0263628,1
596,C2937358,1
1544,C0019208,1
2318,C0270960,1
70,C1527310,1
2944,C0034735,1
2739,C1279420,1
570,C1112213,1
1305,C0751883,1
1436,C0149782,1
2668,C0600427,1
1716,C4310735,1
2328,C2713442,1
840,C1879321,1
2678,C0205696,1
2875,C2711227,1
316,C0033578,1
1565,C0041349,1
1394,C0458247,1
58,C0410207,1
2099,C0023903,1
1128,C4317123,1
2261,C0154091,1
1756,C0006663,1
2274,C1257931,1
2,C0019202,1
2923,C0006826,1
1509,C0007134,1
126,C0085762,1
796,C0018984,1
387,C0265699,1
1848,C0007097,1
590,C1867467,1
1786,C0005586,1
2512,C3714756,1
718,C0030809,1
1137,C0234533,1
2048,C0014474,1
335,C0700292,1
847,C3495874,1
2652,C3887938,1
2052,C1112213,1
1756,C0206656,1
1141,C0002395,1
47,C0018802,1
207,C0346153,1
10,C0010054,1
1508,C1266044,1
2638,C0023890,1
1192,C0022548,1
2188,C0023418,1
1374,C0006142,1
348,C0036341,1
1437,C0021368,1
2553,C1527249,1
2992,C3150754,1
1591,C0026141,1
1147,C0013949,1
2668,C0751415,1
1080,C0403814,1
2074,C0009207,1
2182,C0152013,1
2956,C1319315,1
2903,C3806402,1
627,C0422850,1
1559,C0041696,1
1301,C0158252,1
2071,C3714756,1
345,C0020445,1
2697,C3714756,1
2876,C1458155,1
2720,C0007194,1
2161,C1960459,1
1857,C3714756,1
1571,C3241937,1
1129,C0342302,1
2178,C0027831,1
2332,C0525045,1
38,C4316903,1
2529,C0032460,1
781,C0423711,1
348,C0205642,1
2773,C0262497,1
183,C0422850,1
104,C0036341,1
648,C0235874,1
224,C3714756,1
1499,C2239176,1
841,C0496956,1
1462,C0014175,1
775,C0003811,1
2812,C0087031,1
1612,C2713368,1
1027,C1112155,1
134,C0233612,1
1832,C1800706,1
1133,C0087169,1
1401,C0031099,1
307,C0205697,1
2328,C3658290,1
217,C0242973,1
372,C0427190,1
2918,C3887640,1
3039,C0751010,1
1141,C0021368,1
2065,C0376358,1
114,C0025945,1
1674,C0024623,1
1298,C1838429,1
2773,C1865295,1
2200,C0239946,1
796,C0004352,1
226,C0158995,1
183,C4317123,1
1915,C0205697,1
2131,C0206641,1
1798,C1708349,1
355,C0024305,1
1192,C0678222,1
784,C0010093,1
1269,C0025193,1
2743,C3553291,1
847,C0020550,1
43,C0234373,1
348,C0242339,1
2879,C0012684,1
1050,C1879321,1
2944,C0236733,1
217,C0349464,1
355,C0004364,1
2263,C0029434,1
1540,C0023860,1
240,C0751845,1
2778,C0027831,1
1143,C0494475,1
1128,C0007786,1
1415,C0266539,1
675,C0555198,1
1005,C0009404,1
123,C1708349,1
1756,C1527249,1
1592,C0014859,1
1674,C0205697,1
1272,C0003886,1
1440,C0034069,1
2693,C1858656,1
590,C0494463,1
842,C0007786,1
467,C0740392,1
2688,C1527168,1
2146,C0030044,1
210,C0279702,1
1813,C0242422,1
952,C0151744,1
302,C0023893,1
3043,C0221019,1
1565,C4316881,1
2915,C0751522,1
1834,C0205730,1
2969,C1266101,1
462,C0087086,1
1427,C0524524,1
1141,C0151888,1
2321,C1306837,1
284,C0036690,1
9,C0041755,1
472,C0496920,1
325,C2239176,1
2899,C0149925,1
1788,C0025363,1
1356,C0009375,1
1612,C3495559,1
2903,C0241210,1
2009,C0020255,1
1392,C4505436,1
142,C0019158,1
1191,C0087031,1
617,C0543888,1
2263,C0524730,1
358,C0433895,1
540,C2711227,1
538,C2936380,1
2266,C0038356,1
351,C0233794,1
367,C0282612,1
1105,C0376358,1
1080,C0009402,1
1981,C4274355,1
2888,C3714756,1
1469,C1708349,1
2550,C0001956,1
2670,C0751213,1
2717,C1970820,1
2290,C0422850,1
1316,C0007112,1
2675,C0036341,1
551,C0344315,1
240,C0205650,1
286,C0005941,1
2936,C4279912,1
545,C3165106,1
1798,C3714756,1
463,C3468561,1
3048,C0010828,1
2475,C1269683,1
1956,C0024809,1
1234,C0027697,1
1277,C0149721,1
2702,C3279693,1
153,C1961112,1
2879,C0018802,1
945,C0276496,1
2737,C0543888,1
2710,C0268418,1
2934,C0043094,1
482,C0279626,1
857,C3658302,1
1410,C1837317,1
2099,C0024667,1
836,C0271685,1
1081,C1720816,1
2925,C0011570,1
1675,C2930617,1
1545,C0271650,1
332,C1140680,1
154,C0024623,1
731,C0003257,1
1499,C0206711,1
2774,C0005586,1
134,C0751845,1
2703,C1861828,1
131,C0001973,1
210,C2748608,1
1814,C0751056,1
2719,C0152427,1
471,C0376288,1
1437,C0234254,1
355,C1449563,1
2950,C1456865,1
2348,C0752109,1
2555,C0019337,1
2672,C1879321,1
2187,C0010828,1
1200,C1836474,1
1030,C0259783,1
2235,C0162568,1
185,C0000786,1
435,C3714756,1
1399,C0220704,1
287,C1142166,1
1950,C0022658,1
1390,C0020564,1
551,C0004352,1
836,C1563731,1
213,C0040034,1
460,C0452047,1
217,C0007172,1
125,C0393756,1
1636,C0035078,1
2247,C4316903,1
2778,C0028754,1
1472,C0006142,1
1807,C3495551,1
2068,C0007114,1
2720,C0162351,1
1394,C0030201,1
1656,C0003873,1
2821,C0002878,1
2596,C0311335,1
2309,C0014072,1
1440,C0234254,1
685,C0349426,1
1842,C0000786,1
2992,C0271713,1
2146,C0265210,1
2052,C1843139,1
1192,C1257931,1
274,C0003886,1
462,C0452047,1
2952,C0236804,1
948,C0020538,1
1440,C0270611,1
1719,C0041755,1
2309,C0028754,1
1813,C0022734,1
101,C4279912,1
1270,C0036341,1
59,C3279690,1
768,C0020542,1
2668,C0752100,1
1440,C0205696,1
2896,C0497327,1
885,C0030305,1
622,C3658290,1
2741,C0752197,1
213,C0020538,1
2244,C0029459,1
1200,C0276496,1
2200,C0003496,1
1161,C3714756,1
2252,C1739363,1
350,C4277682,1
2919,C3263723,1
1513,C0334588,1
581,C0750900,1
1142,C0011581,1
2950,C0023904,1
1139,C0022333,1
25,C0001418,1
213,C0236018,1
2247,C3887640,1
1103,C0422854,1
1437,C0002871,1
545,C0345958,1
2899,C0011570,1
1756,C0036529,1
2950,C0007097,1
2879,C0006635,1
133,C0751407,1
1834,C0399378,1
1161,C0751038,1
2583,C3714756,1
613,C0023452,1
2952,C0007114,1
2950,C0086404,1
925,C0024117,1
2668,C0683357,1
1129,C0392115,1
841,C0011616,1
90,C0338070,1
356,C0600178,1
596,C0546837,1
108,C0004096,1
224,C0007959,1
581,C0848676,1
1080,C0030305,1
889,C0752161,1
2886,C0001418,1
1600,C0004352,1
2176,C0005695,1
207,C0751407,1
1808,C0546126,1
673,C0006826,1
2950,C0033941,1
2559,C0525045,1
1269,C0021053,1
847,C0004352,1
2524,C2674252,1
2641,C0020672,1
2099,C0005944,1
841,C0025202,1
1440,C0752261,1
406,C0021361,1
2588,C0220994,1
43,C0751056,1
2260,C0282126,1
355,C1879321,1
109,C0028756,1
2056,C0751522,1
153,C0011581,1
1394,C0003123,1
2004,C0678222,1
1465,C0349578,1
673,C0023434,1
1410,C1510497,1
2954,C0005695,1
259,C4277682,1
140,C0027051,1
1592,C0001418,1
2056,C0033141,1
152,C0525045,1
355,C0162557,1
778,C0268505,1
131,C0031347,1
135,C0234374,1
1191,C0494463,1
351,C1270972,1
2033,C0007138,1
2147,C0546126,1
2195,C0017636,1
2973,C0011570,1
735,C3151189,1
1896,C0025202,1
514,C3279708,1
590,C0032343,1
578,C0086404,1
627,C0750900,1
1278,C0023890,1
3060,C0024809,1
287,C1833154,1
1821,C0007959,1
2261,C1864436,1
2626,C3280781,1
2896,C3539123,1
1149,C1959583,1
1290,C4225429,1
2627,C3888085,1
1282,C0543888,1
2395,C0016719,1
196,C0023903,1
1915,C1257925,1
1649,C3714758,1
467,C0011853,1
1917,C4225343,1
1588,C0032460,1
1654,C0006142,1
817,C0023893,1
847,C2936847,1
196,C0003873,1
1080,C0149521,1
2562,C0272945,1
581,C0011853,1
785,C0086236,1
356,C0162557,1
2932,C1383860,1
773,C0750937,1
1816,C0036358,1
712,C3280742,1
1137,C0422854,1
1280,C2020284,1
1571,C1262760,1
1139,C4316903,1
925,C1527303,1
274,C0011265,1
623,C0234254,1
1471,C1565950,1
2950,C0019207,1
1373,C0751753,1
1266,C1257925,1
2936,C1262760,1
2886,C0242379,1
2187,C1861028,1
2064,C0007102,1
2948,C1262760,1
2875,C4279912,1
2805,C1262760,1
622,C4277682,1
60,C0205699,1
2064,C1140680,1
18,C3495874,1
1475,C0027627,1
3032,C0220994,1
301,C0279626,1
2645,C1855520,1
2625,C0220597,1
1540,C0018671,1
135,C0234371,1
1594,C0035579,1
2321,C3541456,1
1565,C0236804,1
1740,C0025202,1
1595,C0086543,1
1471,C0025286,1
2558,C0494475,1
2099,C0858252,1
2784,C4317109,1
2316,C0023893,1
1806,C0242379,1
1636,C1956346,1
1999,C2350344,1
2260,C0205768,1
10,C1956346,1
37,C0007194,1
3035,C0007959,1
2290,C0025363,1
1269,C0282126,1
183,C0018802,1
595,C0334634,1
2255,C1257931,1
2562,C0001890,1
1301,C3541456,1
2153,C0751010,1
2944,C0086696,1
2934,C1622345,1
154,C0376358,1
59,C0086565,1
859,C2931337,1
1496,C0038356,1
551,C0011175,1
2668,C0751213,1
1407,C0011581,1
1565,C0234376,1
215,C0342482,1
1278,C0239946,1
2290,C3853041,1
1645,C0019269,1
90,C0016037,1
1536,C0018203,1
2956,C1112155,1
1716,C0008370,1
2558,C0270844,1
111,C1623038,1
174,C0678222,1
1113,C4302111,1
2110,C0025517,1
2353,C0149504,1
71,C0024667,1
2623,C1839161,1
998,C1257925,1
2674,C0751373,1
189,C0268164,1
2986,C0006142,1
716,C1862892,1
2899,C0033975,1
1543,C2239176,1
587,C0268569,1
2922,C0002622,1
1815,C0011581,1
1244,C4505436,1
462,C0272945,1
1029,C0005695,1
478,C0235527,1
2737,C0029434,1
491,C1832394,1
249,C4317123,1
335,C1848533,1
1277,C0016059,1
773,C0520966,1
545,C0699791,1
801,C4015671,1
154,C1708349,1
1956,C0007112,1
1411,C0086543,1
2015,C0023893,1
368,C1867450,1
72,C1864996,1
222,C0001973,1
977,C1836823,1
1950,C0017636,1
2248,C0376634,1
2776,C0376634,1
1890,C0205698,1
1812,C0236807,1
847,C0034069,1
1536,C0235527,1
2321,C0007134,1
440,C0023903,1
1812,C0221480,1
760,C0024623,1
2539,C0019054,1
118,C2239176,1
2512,C0025193,1
1565,C0029231,1
286,C0221409,1
673,C0587248,1
2114,C0027746,1
594,C3714756,1
2078,C1879321,1
595,C0006142,1
249,C0086565,1
2668,C0555198,1
2296,C0339573,1
857,C0271148,1
1718,C0519066,1
175,C0220994,1
1244,C0270823,1
135,C4316903,1
1490,C0748540,1
1021,C0751886,1
1337,C0751651,1
190,C0028960,1
2705,C0011195,1
1962,C0038580,1
916,C0021051,1
847,C0030246,1
836,C0149519,1
242,C1855789,1
551,C0029944,1
2520,C0035126,1
1571,C0036341,1
1761,C0039590,1
210,C0018939,1
2922,C0019208,1
2261,C3854181,1
659,C0206081,1
2247,C0600427,1
1138,C0001973,1
1906,C0752347,1
1050,C0038279,1
2033,C0035934,1
1728,C0006142,1
928,C0740345,1
2892,C0020594,1
2944,C0013182,1
675,C2675521,1
2057,C1527405,1
570,C0010828,1
1906,C0270192,1
2915,C0271685,1
2729,C0010828,1
2706,C0018784,1
2100,C0205643,1
3028,C3266731,1
2626,C0018818,1
2944,C0036341,1
2879,C0431664,1
207,C2676500,1
100,C1335302,1
2247,C0236736,1
238,C0006118,1
538,C1096660,1
3032,C0015695,1
2023,C0158995,1
43,C0270824,1
1837,C1960469,1
551,C0033141,1
2182,C0025193,1
598,C1563731,1
1028,C0029434,1
2492,C0685837,1
2593,C0149958,1
2099,C0334582,1
1012,C1510472,1
1268,C0751110,1
1499,C0339539,1
1577,C0085580,1
1129,C0036341,1
1301,C0010093,1
196,C0005683,1
2273,C4225423,1
1950,C0043251,1
1513,C0017636,1
332,C0009402,1
1138,C0242379,1
3054,C3714756,1
2316,C0038015,1
1191,C0750900,1
326,C1855869,1
1654,C1961099,1
2560,C0005586,1
435,C0268547,1
2950,C0600178,1
1356,C0019202,1
2272,C0236807,1
655,C0015802,1
2936,C0752097,1
2875,C0023893,1
1718,C0002395,1
2997,C0220994,1
2903,C0751111,1
111,C0878544,1
1540,C1857941,1
2257,C0543888,1
1834,C0026640,1
1890,C0009375,1
1135,C1835905,1
1072,C0038219,1
894,C1383860,1
3034,C0220992,1
1548,C0205645,1
2253,C0243050,1
2876,C0005684,1
1892,C0751267,1
2911,C0393672,1
540,C1527352,1
1294,C4518087,1
2932,C0032343,1
2321,C0279702,1
348,C1862558,1
1545,C1842028,1
800,C0087031,1
1012,C0546837,1
387,C0005695,1
2560,C0001973,1
2247,C4046002,1
2475,C0154659,1
583,C0752166,1
291,C0023520,1
3000,C1536451,1
1268,C0239946,1
1604,C0020800,1
2912,C0236733,1
1965,C0036341,1
2812,C1856448,1
1029,C0023903,1
2950,C1266044,1
183,C2936719,1
1297,C2020284,1
367,C0021364,1
1355,C2931891,1
811,C0033975,1
1535,C0038433,1
142,C0752101,1
1964,C0238463,1
596,C0009404,1
1610,C0004352,1
632,C0004096,1
133,C0036690,1
885,C0021368,1
1471,C0494463,1
847,C0494475,1
2879,C1136082,1
498,C0276496,1
801,C0006868,1
859,C0686353,1
2017,C0087031,1
190,C0036875,1
2173,C0005586,1
196,C0242706,1
1280,C1262477,1
50,C3714756,1
622,C1262760,1
1392,C0003123,1
627,C0272945,1
2791,C3495559,1
2512,C1833213,1
2890,C0011581,1
1149,C0235527,1
2768,C0349204,1
1003,C0001973,1
596,C0079765,1
1915,C0024668,1
22,C0158995,1
2353,C0751056,1
2668,C0027854,1
538,C0522224,1
1814,C0022734,1
2328,C4277682,1
351,C0005586,1
3009,C0036341,1
843,C0699791,1
960,C0023467,1
310,C0023903,1
2350,C0023893,1
1310,C0006142,1
822,C0023467,1
1812,C4317109,1
2178,C4025414,1
2688,C0011570,1
2023,C0678222,1
2521,C3888102,1
2195,C0023893,1
348,C0001973,1
360,C0014859,1
590,C4017555,1
2052,C1333990,1
1012,C1258085,1
1991,C3671688,1
2235,C0016059,1
2629,C1856476,1
2260,C0005586,1
720,C0021051,1
1028,C0025202,1
1544,C0152426,1
1290,C0023893,1
358,C0013608,1
796,C0033578,1
48,C0029408,1
183,C0023893,1
929,C0400966,1
2067,C0024121,1
1962,C0236969,1
2932,C0272945,1
1103,C0270846,1
2572,C0009171,1
604,C0079740,1
2180,C0024668,1
1404,C0003873,1
354,C1704272,1
790,C0002875,1
328,C3495874,1
158,C0543888,1
2081,C1335177,1
2833,C0002171,1
1540,C0278996,1
1233,C0259783,1
142,C0026764,1
288,C0024713,1
1788,C4014545,1
2957,C0006142,1
2348,C0001973,1
1523,C1527249,1
642,C0494463,1
467,C0011570,1
1312,C0041696,1
142,C0032300,1
1629,C0220994,1
2130,C0751675,1
1615,C3809008,1
348,C0022333,1
2246,C0919267,1
1816,C0011581,1
2920,C0751845,1
834,C0026769,1
1024,C1319315,1
1636,C0400966,1
2023,C0024623,1
1786,C0020075,1
183,C1565489,1
2628,C3714756,1
196,C0040336,1
344,C0406537,1
463,C2585653,1
673,C0750936,1
1813,C0221480,1
1956,C0269102,1
1822,C0751780,1
2023,C4279912,1
1482,C1383860,1
2201,C3714756,1
147,C0154659,1
760,C0029456,1
2252,C0000786,1
366,C0026998,1
673,C0334579,1
238,C0007131,1
125,C0751012,1
1815,C0003477,1
2625,C0205699,1
1029,C0345967,1
832,C0205697,1
2896,C0338630,1
90,C0006142,1
2915,C0393672,1
2952,C3241937,1
794,C1862939,1
1967,C0023520,1
563,C0376358,1
2305,C0023418,1
3020,C0206638,1
2812,C1136382,1
43,C0751494,1
2833,C1704377,1
189,C0282528,1
1675,C0023893,1
1437,C3808553,1
2625,C0019829,1
108,C0005586,1
718,C1527335,1
1201,C0024623,1
831,C4225381,1
2593,C0270844,1
1612,C0496899,1
1736,C0266470,1
943,C1266194,1
1392,C0038587,1
1745,C0036341,1
551,C2609414,1
1192,C0279626,1
1269,C0023890,1
2629,C0268250,1
1282,C1862876,1
59,C2673186,1
307,C1879321,1
2138,C0000768,1
598,C0235032,1
1593,C0220994,1
1278,C0029459,1
1559,C0019080,1
367,C0280785,1
1280,C0013720,1
1471,C1879321,1
2668,C0020429,1
88,C0007193,1
2623,C0432417,1
1636,C0848676,1
637,C0024623,1
2560,C0019147,1
2956,C1140680,1
1915,C0024623,1
2243,C0398623,1
2146,C0014170,1
590,C0006142,1
2305,C0019207,1
590,C3889589,1
43,C1266044,1
142,C0085742,1
2064,C0154060,1
1956,C1269683,1
2936,C1456865,1
1244,C0751524,1
2735,C3179349,1
1286,C1305904,1
1302,C1846647,1
2998,C0271713,1
135,C0234375,1
2673,C0751885,1
2903,C0009402,1
627,C0234535,1
43,C0235843,1
2201,C0013720,1
2563,C0270850,1
857,C3468561,1
1385,C0086189,1
1628,C0162872,1
1161,C0086543,1
1440,C0015967,1
596,C0205649,1
117,C0036341,1
1153,C0751865,1
196,C0027540,1
1544,C0023893,1
434,C0007117,1
554,C4302111,1
1417,C1855179,1
808,C0023976,1
1138,C0086189,1
356,C2717884,1
142,C0242423,1
2208,C4505456,1
1267,C0041696,1
2820,C1855119,1
2678,C0033578,1
1637,C0432416,1
835,C0279702,1
1373,C0220994,1
2064,C0278510,1
2876,C0236018,1
2261,C2931282,1
1289,C1257925,1
1491,C0035320,1
154,C0234371,1
1141,C0751481,1
1909,C0019284,1
2261,C1527249,1
2638,C0041755,1
1950,C3714758,1
2950,C3658290,1
1555,C0036349,1
1571,C0086404,1
358,C0008340,1
2729,C1262760,1
2077,C2931150,1
2072,C0751364,1
183,C0149721,1
156,C0878544,1
1896,C1849193,1
308,C3280674,1
1719,C0027765,1
2950,C0007134,1
2147,C0239946,1
215,C0023520,1
2070,C0009404,1
150,C0086769,1
354,C0005001,1
776,C0037052,1
153,C0553980,1
2077,C4310679,1
2263,C4025414,1
1139,C0751293,1
2920,C0023212,1
18,C0278211,1
2187,C0020255,1
348,C0750901,1
406,C0085159,1
1482,C0041207,1
942,C0026764,1
473,C3495559,1
1184,C1839874,1
2010,C0410189,1
968,C0022116,1
2776,C0220633,1
2896,C0036341,1
213,C0019693,1
1727,C3714756,1
472,C1449563,1
367,C0556385,1
486,C0023893,1
1636,C0546126,1
2222,C0009171,1
1440,C0023467,1
2066,C1319315,1
1814,C0751495,1
2737,C0080218,1
2548,C3888925,1
2707,C0086395,1
2178,C0278996,1
538,C4317123,1
834,C0751524,1
604,C0334660,1
2243,C1861172,1
1786,C0086405,1
1071,C1706412,1
242,C0022596,1
2130,C0700367,1
2321,C0036391,1
1294,C0432322,1
2771,C0205696,1
2717,C0020305,1
1501,C0007621,1
1289,C0000786,1
2147,C0272317,1
652,C0152427,1
2548,C0271713,1
1356,C0750937,1
2896,C0751882,1
238,C0007134,1
2023,C0205696,1
90,C0334582,1
2920,C0751851,1
847,C0259783,1
1390,C0041696,1
781,C0458257,1
207,C0270948,1
3020,C0017638,1
1653,C0029231,1
472,C0376407,1
1463,C0005684,1
127,C0001973,1
613,C0023473,1
2263,C0008925,1
207,C1168401,1
1843,C3714758,1
1410,C0270960,1
387,C0205698,1
361,C0311335,1
148,C0011853,1
2938,C0033975,1
355,C0234306,1
355,C0023467,1
929,C0011991,1
2488,C0002453,1
2495,C0259783,1
1491,C0220993,1
2263,C0265535,1
2161,C0040038,1
2014,C0376358,1
546,C0010417,1
2296,C3887633,1
2206,C1840253,1
2561,C0036341,1
2897,C0687132,1
1832,C0085786,1
1298,C0158252,1
1678,C0796074,1
2571,C0001973,1
1812,C4316903,1
2625,C0152266,1
2735,C0238198,1
366,C0274861,1
658,C1836182,1
950,C0751785,1
2787,C0376358,1
1437,C0007097,1
2184,C1112213,1
2805,C4279912,1
1816,C0338831,1
846,C0029434,1
713,C0003257,1
1234,C2609414,1
1141,C0750900,1
875,C0024302,1
1355,C0023520,1
111,C0005612,1
790,C0949116,1
1741,C3275443,1
2720,C0432272,1
948,C0021051,1
2572,C0149958,1
1278,C0268362,1
1137,C3714756,1
324,C0004352,1
1027,C0007113,1
834,C0598608,1
2778,C0034013,1
212,C0010828,1
2034,C0154045,1
1392,C0750901,1
673,C0007102,1
1352,C0268237,1
1908,C0019569,1
2209,C0018824,1
361,C0751522,1
383,C3714756,1
801,C1631597,1
1967,C1858991,1
2566,C0751122,1
238,C0017638,1
1028,C0349578,1
1493,C0018133,1
2245,C0016508,1
134,C0270192,1
1392,C0085762,1
590,C3889606,1
2316,C0751111,1
652,C1458155,1
1588,C0016059,1
1490,C0023485,1
2771,C0205698,1
650,C0006142,1
1840,C0344461,1
857,C1274933,1
155,C0018802,1
1392,C0263477,1
213,C0025193,1
537,C0024301,1
2706,C0025221,1
1392,C0035333,1
2218,C0282577,1
3043,C0013502,1
2717,C0007959,1
2049,C0149925,1
1861,C0752198,1
1813,C0233612,1
2153,C0007785,1
633,C0024796,1
90,C0205768,1
847,C1262760,1
755,C4479651,1
590,C0338495,1
1816,C0949445,1
1420,C0392557,1
790,C4225320,1
2334,C0751157,1
2201,C0003886,1
2559,C0751849,1
2597,C0086743,1
207,C0347515,1
182,C0015393,1
2218,C0686353,1
183,C0027540,1
134,C0751022,1
2912,C0236804,1
1136,C0036572,1
1469,C0033578,1
2332,C3714756,1
796,C0025363,1
2719,C2930471,1
2243,C0001733,1
551,C0041696,1
1438,C2677877,1
596,C0205698,1
58,C0007194,1
2272,C0236733,1
1906,C0458259,1
963,C0023893,1
2122,C0006142,1
367,C0011570,1
2492,C0949595,1
2562,C0452047,1
2915,C1510472,1
1586,C0423711,1
2626,C1383860,1
2652,C3887937,1
335,C0205641,1
1588,C0005974,1
841,C0205641,1
1294,C4302547,1
183,C0750986,1
196,C0152013,1
712,C0020951,1
998,C0019693,1
2252,C1837218,1
1499,C1851402,1
1289,C0033578,1
1131,C0525045,1
1548,C0262584,1
1950,C0205643,1
1132,C0234373,1
596,C1956131,1
2548,C0149721,1
1639,C0752104,1
1268,C0023890,1
2720,C0036391,1
857,C4302111,1
1576,C0221765,1
2688,C0920563,1
2668,C0311335,1
1476,C0334610,1
2944,C0005695,1
2353,C0422850,1
210,C1334261,1
2875,C0019193,1
842,C0027765,1
596,C0027540,1
1277,C0027726,1
2869,C0023895,1
1129,C0011854,1
1536,C0011853,1
857,C1720860,1
196,C0813142,1
2130,C0206651,1
816,C0236735,1
1440,C0007131,1
1836,C1847593,1
2195,C0278996,1
629,C3809654,1
2322,C1879321,1
1956,C0007113,1
1906,C0018800,1
1565,C0233608,1
1906,C0011853,1
695,C0496956,1
1565,C1565662,1
1392,C0032001,1
2557,C0278161,1
2869,C1269683,1
2674,C0234249,1
1499,C0023890,1
2274,C0026998,1
2584,C0751161,1
595,C0007528,1
2290,C1956147,1
2077,C0751257,1
875,C0005586,1
2034,C0279702,1
799,C0026141,1
1879,C0007621,1
2152,C0012739,1
2194,C0023827,1
1441,C0151857,1
1557,C1269683,1
1301,C0006142,1
285,C0018923,1
383,C0002514,1
2263,C0020255,1
2673,C0028754,1
2697,C0041696,1
1440,C0079770,1
1260,C0006142,1
1120,C0027404,1
624,C0751212,1
351,C0270715,1
71,C0376634,1
1612,C3463824,1
590,C0003578,1
546,C0346647,1
2316,C1855733,1
1186,C1969093,1
545,C0024623,1
1441,C1292772,1
871,C0751849,1
1728,C0011853,1
1826,C4316881,1
213,C0028797,1
2946,C0751733,1
2641,C0007102,1
1670,C0007102,1
1736,C1846142,1
2706,C0581883,1
2571,C1571984,1
775,C2678478,1
2321,C0041948,1
1311,C0022410,1
547,C0751540,1
72,C0009375,1
914,C0087086,1
660,C0345958,1
405,C1961102,1
2543,C0205644,1
2004,C1458155,1
1108,C0476089,1
2335,C0678202,1
220,C0038356,1
18,C0751472,1
2993,C0037286,1
1282,C1867983,1
716,C0677607,1
156,C0752351,1
1056,C0149521,1
2099,C1704230,1
213,C0041696,1
2018,C0242379,1
1861,C0393593,1
462,C0347536,1
2645,C3888018,1
1728,C1846707,1
840,C0027055,1
1082,C0271623,1
673,C1266158,1
1584,C3669121,1
1080,C4316881,1
241,C1563937,1
832,C0007097,1
409,C0005586,1
135,C0266487,1
362,C0022596,1
2668,C0751522,1
2068,C0009404,1
2053,C1961112,1
2911,C0086237,1
2778,C0006826,1
1290,C0239946,1
1050,C0751177,1
1374,C1257931,1
960,C0027746,1
58,C0175709,1
1356,C0205734,1
2597,C0001973,1
1889,C0020538,1
2703,C1510497,1
478,C0752101,1
409,C0236733,1
1911,C0027654,1
1351,C0751651,1
1409,C1858679,1
2067,C0220722,1
623,C0751212,1
948,C1842090,1
1393,C1269683,1
155,C0020473,1
344,C0086404,1
1962,C0341703,1
595,C0019208,1
1236,C0270823,1
941,C0238065,1
2876,C0018675,1
1192,C1458155,1
1861,C0752201,1
2566,C0543888,1
2100,C0001418,1
34,C0043094,1
1062,C4015080,1
154,C0007193,1
718,C1704378,1
712,C0015230,1
338,C0010068,1
842,C0035305,1
1209,C0346647,1
133,C0017658,1
2784,C0422853,1
196,C1458155,1
2512,C0086743,1
598,C0026764,1
1495,C1868569,1
213,C1623038,1
2065,C0278996,1
2064,C1275668,1
207,C0014544,1
2308,C0020542,1
2932,C1449647,1
2260,C0011573,1
2657,C0040761,1
367,C0334583,1
142,C0022658,1
1029,C0007131,1
1728,C0028797,1
885,C0236663,1
596,C0205643,1
2778,C0029396,1
2741,C0752199,1
2950,C0017638,1
654,C0086743,1
2026,C0005684,1
2100,C0751291,1
1294,C0678222,1
2891,C0038587,1
2950,C0555198,1
2918,C1263846,1
1942,C1257931,1
2852,C1257931,1
1421,C1861832,1
1392,C0422852,1
1969,C0266539,1
2672,C0752124,1
916,C3810129,1
348,C0494475,1
2526,C0040053,1
367,C0017412,1
2811,C1856448,1
1636,C0001973,1
1136,C0751496,1
1410,C0007193,1
1302,C0345050,1
1499,C0153633,1
347,C0259783,1
2771,C1370419,1
1028,C0476089,1
1843,C0269102,1
2263,C2931196,1
2672,C0752125,1
1277,C0268345,1
2212,C0086981,1
2243,C0524702,1
501,C1708349,1
590,C1867470,1
324,C0038002,1
1355,C1858424,1
1813,C0234238,1
836,C0006663,1
324,C0006826,1
1003,C0009404,1
1146,C0751885,1
183,C0333233,1
207,C0007137,1
2353,C0311335,1
713,C0023890,1
1514,C1708349,1
814,C0152013,1
135,C0234372,1
60,C0036341,1
267,C0235874,1
2244,C0030567,1
1499,C0205646,1
523,C0268355,1
1438,C0036341,1
328,C0751494,1
488,C0002152,1
2147,C0027051,1
25,C0005941,1
2628,C0751651,1
572,C0751022,1
2313,C0279980,1
2641,C0023212,1
836,C0521174,1
2348,C0009375,1
2395,C0751651,1
2334,C0016667,1
2904,C0543888,1
208,C0678222,1
1728,C0023466,1
1908,C3150975,1
1812,C0005586,1
2597,C0026640,1
1582,C0008370,1
2064,C0009375,1
1594,C0033975,1
308,C0032914,1
2886,C1458155,1
790,C0037889,1
1824,C4279912,1
2671,C0270960,1
498,C0342779,1
2705,C0205651,1
2301,C3714756,1
2261,C0851140,1
1756,C3542021,1
2902,C0234230,1
841,C2239176,1
1524,C0010068,1
2100,C0334579,1
1280,C0432272,1
2688,C0271567,1
2272,C0205697,1
35,C0003886,1
2911,C0014558,1
2770,C0750907,1
2737,C1968949,1
1956,C2713443,1
1906,C0559031,1
396,C3808953,1
2559,C0036341,1
2956,C0919267,1
2570,C0001973,1
150,C0018799,1
120,C2751938,1
1131,C1968949,1
4968,C1333985,1
4211,C0678222,1
4313,C0027626,1
4117,C0035334,1
5192,C0282527,1
5980,C0221060,1
3875,C0023893,1
5290,C1319315,1
4089,C0021367,1
6387,C0266929,1
3359,C1269683,1
4843,C0751956,1
3592,C0555198,1
4758,C4282398,1
5443,C0422850,1
5327,C0751953,1
3565,C0086196,1
5080,C0155299,1
4988,C0422855,1
5324,C1519176,1
5327,C0740392,1
5435,C0006142,1
6276,C0751848,1
6334,C0236018,1
5378,C2931459,1
5396,C0376358,1
4988,C0033937,1
5447,C3150099,1
4548,C1956132,1
4919,C0027627,1
3920,C0007193,1
3839,C0001973,1
5243,C0205699,1
3845,C0016978,1
3265,C0041409,1
4524,C0311375,1
4363,C1262760,1
3791,C0017667,1
3572,C1140680,1
4074,C0033578,1
5728,C0280100,1
5116,C0005586,1
3249,C0023794,1
3786,C0220669,1
5328,C0042510,1
5376,C0558845,1
5741,C0029459,1
5743,C0021846,1
5742,C0016382,1
6338,C0392164,1
5080,C0025363,1
4089,C0030297,1
3767,C0021655,1
4233,C0547065,1
4598,C0949506,1
3383,C0036341,1
5624,C0087086,1
6376,C0151744,1
3934,C0013221,1
5265,C0270715,1
4049,C0019147,1
4881,C0751407,1
5728,C0025286,1
5190,C1832231,1
4846,C0020459,1
6324,C0751122,1
3280,C0751303,1
4790,C0022661,1
3570,C0279702,1
5583,C0751014,1
3417,C0024454,1
3350,C0751565,1
3383,C0006267,1
3673,C2936719,1
5080,C0033578,1
3627,C0282488,1
3162,C0751522,1
5925,C0205699,1
3845,C0887833,1
5728,C0920563,1
3351,C0751056,1
3547,C0039584,1
6204,C4025414,1
4319,C0011616,1
4668,C3714756,1
6331,C0541782,1
3552,C0007786,1
3479,C0001206,1
5027,C0037929,1
6314,C0743002,1
3782,C0036341,1
5190,C4225267,1
5479,C0268362,1
3418,C0422850,1
3949,C2973787,1
5376,C0751472,1
3963,C0153381,1
5080,C0011853,1
4223,C0023893,1
3557,C0751265,1
4976,C0086743,1
3952,C0009375,1
4729,C0751651,1
3569,C0020429,1
3122,C0036981,1
4878,C0262584,1
5443,C0007134,1
4137,C0276496,1
5581,C0751213,1
3240,C0019163,1
3939,C0878544,1
4982,C0751211,1
5360,C0920563,1
3105,C4277682,1
5241,C0281784,1
5978,C0036572,1
4012,C0233794,1
4153,C0031117,1
3481,C0494463,1
3845,C1527404,1
3593,C4013948,1
5782,C0017185,1
5624,C0003860,1
6303,C0028754,1
3814,C0024623,1
6372,C0086743,1
5241,C0024667,1
4524,C0001969,1
3162,C1330966,1
4915,C0424295,1
4843,C0472387,1
3553,C0027051,1
3726,C0238281,1
3315,C1959583,1
5190,C3553937,1
6317,C0026640,1
5243,C0751415,1
6208,C0740302,1
4929,C3495559,1
5829,C0025205,1
4284,C0086543,1
4851,C0018824,1
5465,C0205697,1
4939,C1269683,1
3557,C0311375,1
4893,C0007194,1
4282,C1257931,1
5445,C1704417,1
4852,C0011265,1
5241,C1257925,1
4524,C0751500,1
3596,C0013182,1
5034,C0020255,1
6354,C0008370,1
5111,C0750974,1
5972,C0242528,1
4653,C0017612,1
4311,C0023893,1
5578,C0018800,1
5199,C1136210,1
3458,C1860707,1
3553,C0018099,1
3614,C0035334,1
4852,C0001956,1
4893,C0010828,1
4915,C0008073,1
6286,C1136382,1
5595,C0023904,1
5829,C0007621,1
3440,C0027497,1
4194,C0678222,1
3251,C0740394,1
3456,C1458155,1
3248,C0033578,1
3260,C3887947,1
4314,C0004114,1
5009,C3714756,1
3908,C1842898,1
4353,C0003873,1
3741,C2973725,1
6283,C0026636,1
4843,C0086565,1
4879,C0020649,1
4163,C0034885,1
3726,C0740391,1
5321,C0005818,1
5587,C0009402,1
5625,C0750905,1
5290,C0206624,1
6326,C0014544,1
5245,C0007097,1
4160,C1257963,1
3717,C0040038,1
3767,C1832386,1
4864,C0240952,1
6039,C0023895,1
5368,C0751212,1
3952,C0271623,1
3456,C0085584,1
3356,C0338489,1
3945,C0023893,1
3073,C1848916,1
3589,C0010692,1
5396,C0010278,1
5162,C1266042,1
6331,C1861983,1
3854,C0007137,1
3265,C0020305,1
3362,C0036341,1
4599,C0024623,1
4878,C0458259,1
3360,C0080203,1
5743,C0041755,1
3816,C0011881,1
5582,C0040997,1
3091,C0752306,1
6346,C0017658,1
4189,C3658290,1
3141,C0220994,1
3291,C0027726,1
6403,C0025193,1
5594,C0022665,1
4023,C0033141,1
5627,C0087086,1
4128,C0019151,1
6364,C0037274,1
5020,C0011570,1
4436,C0496920,1
3106,C0026896,1
4853,C0280100,1
4128,C0013415,1
4005,C0023893,1
5588,C0376407,1
6387,C2239176,1
4625,C4021133,1
5075,C2931416,1
4222,C1859209,1
4843,C0376618,1
5744,C1458155,1
4204,C4048158,1
4878,C0007193,1
5272,C0023893,1
3440,C0035305,1
4524,C0751956,1
3206,C0014170,1
5354,C2673482,1
5134,C0011573,1
5591,C0278883,1
5742,C0205696,1
4654,C0035412,1
3712,C0268575,1
6295,C3495587,1
5607,C0236733,1
4502,C0011849,1
4923,C0234254,1
5594,C0027746,1
4482,C0013170,1
4157,C1368275,1
4311,C0271678,1
5550,C0235874,1
4684,C0027626,1
3127,C0494463,1
3458,C0040954,1
4893,C3179502,1
5728,C0751304,1
5033,C1866294,1
4638,C0024796,1
3737,C0751495,1
6154,C1260899,1
5551,C0079747,1
4046,C0009324,1
5048,C3714756,1
3717,C0376358,1
4724,C0751268,1
4942,C0599035,1
4091,C0149630,1
3592,C0238065,1
4915,C0004114,1
5605,C0007131,1
3553,C1959583,1
4627,C0410005,1
4233,C2676033,1
4842,C0021845,1
5915,C0018671,1
3351,C0009171,1
5737,C0008301,1
4193,C0376358,1
4204,C0236736,1
3482,C0276496,1
5914,C0036341,1
5368,C0525045,1
4988,C0422853,1
3350,C1269683,1
3925,C0259783,1
6401,C0151744,1
3082,C0280785,1
4860,C0029459,1
5925,C1257925,1
3064,C0026650,1
3621,C0024623,1
4693,C3714756,1
5925,C0029463,1
5156,C0015927,1
4915,C0036341,1
4978,C1140680,1
4830,C0007194,1
5728,C0018916,1
6347,C0452047,1
5166,C1262760,1
4905,C0036341,1
4005,C1961099,1
3162,C0221013,1
6314,C0277850,1
5595,C0011570,1
6341,C0543888,1
4881,C0023212,1
5195,C0029927,1
5978,C0422852,1
4282,C1858558,1
4629,C0024796,1
5310,C0085413,1
3996,C0678222,1
3642,C0149925,1
4794,C0023893,1
3845,C1140680,1
4001,C0751917,1
6340,C2751324,1
3557,C0376358,1
4057,C3263723,1
5189,C0003886,1
4762,C0036341,1
4057,C0029459,1
3425,C3714756,1
3992,C4277682,1
4297,C0006413,1
3458,C0038325,1
3697,C0041696,1
5347,C0017638,1
3588,C2675508,1
5308,C0038454,1
3426,C1852020,1
4607,C0007193,1
4010,C0751252,1
3620,C0028754,1
4318,C0030297,1
6006,C0002881,1
3674,C0750990,1
3315,C0153349,1
3630,C0853897,1
4318,C0740392,1
3458,C0041696,1
5563,C0271650,1
3440,C0221021,1
3552,C0878544,1
4750,C4277690,1
5533,C0036341,1
4843,C0022660,1
4988,C1837893,1
3777,C1969342,1
3115,C0011609,1
3516,C0269102,1
6390,C3179349,1
5579,C0024623,1
4540,C0917796,1
3700,C3276941,1
5617,C0349231,1
3440,C0079745,1
4504,C0751123,1
4189,C0019193,1
5290,C0699791,1
5830,C0282525,1
3123,C0079747,1
4680,C0000786,1
6314,C0026650,1
6361,C0086196,1
5764,C0205696,1
4978,C0496920,1
4318,C0750935,1
3568,C3714636,1
3562,C0036341,1
3611,C0264886,1
6327,C3809312,1
5173,C0752101,1
4988,C0236733,1
3659,C0085742,1
4297,C0205644,1
3481,C0750900,1
5173,C3495874,1
6326,C0009952,1
5595,C0236736,1
6336,C0751214,1
3726,C0751845,1
3689,C0020517,1
5723,C0750905,1
5913,C1837092,1
3785,C0149958,1
5617,C0520477,1
4094,C1852438,1
5978,C0234533,1
3363,C0041696,1
4852,C4317123,1
4233,C0036341,1
6281,C0086133,1
5741,C0001787,1
3270,C0018800,1
3480,C0265700,1
4625,C1842160,1
5743,C0009402,1
3832,C3714756,1
3853,C0265334,1
5468,C0242339,1
5015,C0025149,1
4284,C1510497,1
3684,C0024141,1
3162,C1257964,1
5471,C0086404,1
4976,C3276549,1
3569,C0751123,1
4968,C1266044,1
5617,C0015371,1
3848,C0343110,1
3643,C0021655,1
4485,C1458155,1
4771,C0347515,1
3953,C0015695,1
4282,C0004352,1
5595,C0278996,1
3958,C0000822,1
4854,C0344487,1
3162,C0018801,1
4881,C0030193,1
3356,C0015371,1
6139,C0151744,1
3953,C0020473,1
3672,C3887640,1
4693,C0339539,1
4192,C0003469,1
3229,C3714756,1
6372,C0029408,1
4489,C0751852,1
4968,C0001418,1
5995,C0035334,1
6160,C0006142,1
3796,C3714756,1
5652,C0152426,1
6198,C0020538,1
6224,C1112155,1
3434,C0269102,1
5265,C0038356,1
5979,C0238463,1
4524,C0011573,1
5589,C1691228,1
5176,C0010606,1
5744,C0000786,1
3092,C0376358,1
5125,C0018818,1
4908,C0020429,1
3440,C1719672,1
6277,C1275668,1
5311,C0524851,1
4948,C2673809,1
4317,C0043251,1
3106,C0555198,1
6347,C4302111,1
5502,C0235527,1
3074,C0751489,1
5605,C0028326,1
5366,C0236969,1
5111,C0022116,1
5066,C0751123,1
3613,C0149886,1
3688,C0033141,1
6256,C1862941,1
5295,C0001973,1
3855,C0238065,1
4846,C0001418,1
4607,C0270960,1
4057,C0151526,1
5424,C0948896,1
4897,C4316881,1
5327,C0877855,1
4829,C1458155,1
5580,C0038433,1
3605,C0860207,1
5166,C0751651,1
6125,C0158995,1
4846,C0024623,1
4143,C0006111,1
3690,C0040015,1
3119,C0002994,1
3440,C0030193,1
5979,C0154040,1
4292,C0009404,1
5914,C0085183,1
5376,C0751122,1
5467,C0005586,1
3087,C2711227,1
5728,C0025202,1
5241,C0349604,1
3791,C0393682,1
4318,C0007131,1
3458,C1257931,1
4000,C0410190,1
5890,C0029231,1
3558,C0027659,1
4897,C0006142,1
4353,C0007222,1
3300,C4015635,1
3569,C0030246,1
4129,C0001973,1
6227,C1708349,1
3066,C1527303,1
6331,C0004238,1
3066,C1383860,1
4968,C0006111,1
3556,C0086565,1
5608,C0009375,1
3972,C0034013,1
5077,C0497552,1
4189,C4279912,1
3630,C0233794,1
3091,C0004114,1
3718,C0079731,1
4852,C4317109,1
5970,C1527390,1
5443,C0851578,1
4758,C0751778,1
5443,C0029456,1
3606,C0034531,1
4552,C0848676,1
3384,C1708349,1
3479,C0002395,1
3558,C0234230,1
3613,C0005586,1
5617,C0002871,1
4000,C0686353,1
4852,C0233794,1
4487,C1298692,1
5927,C0025363,1
3329,C0878544,1
3270,C0005910,1
5551,C0024302,1
4233,C0919267,1
5311,C2751306,1
4609,C0009375,1
4282,C0038325,1
3190,C0345050,1
5146,C0271092,1
5743,C0009319,1
5660,C0751278,1
6285,C1527390,1
3350,C0234371,1
5296,C0476089,1
5368,C0023186,1
3952,C1136382,1
3491,C2239176,1
4057,C0009375,1
3953,C1458155,1
3553,C0162670,1
3291,C0239946,1
3972,C0020672,1
5395,C0919267,1
3690,C0038454,1
5830,C1112213,1
3488,C1458155,1
4939,C0021400,1
3736,C0007959,1
4893,C0007115,1
4287,C3714756,1
5020,C0013604,1
6295,C1864877,1
4653,C1856439,1
5020,C0015930,1
3784,C1843738,1
4552,C0751202,1
4627,C0398641,1
5979,C1527249,1
3659,C0154060,1
5020,C1279420,1
3976,C0011206,1
3557,C0003123,1
3553,C0017636,1
5444,C1563937,1
3094,C1861063,1
3687,C0023487,1
4728,C1850599,1
3101,C0023895,1
3690,C0004352,1
5368,C0600467,1
5743,C0235527,1
4548,C0017178,1
3176,C0035455,1
6197,C1621958,1
4321,C0000822,1
4771,C1334271,1
3191,C1257931,1
5468,C0040136,1
5724,C0032460,1
5897,C0014457,1
5595,C0393787,1
3293,C0268296,1
5578,C0021841,1
4915,C0011570,1
4313,C1850155,1
3845,C0004114,1
4645,C0525045,1
4308,C4041558,1
5966,C0033860,1
5309,C0033578,1
4891,C0392514,1
6323,C0393695,1
6391,C0154045,1
5817,C1527258,1
6141,C0010828,1
3398,C1879321,1
5327,C2676722,1
4066,C3463824,1
5424,C0086395,1
5191,C0020305,1
5002,C1849385,1
3251,C0023374,1
5289,C0036341,1
4117,C3280042,1
4436,C0017638,1
5071,C0242423,1
4204,C0751056,1
6275,C0278876,1
3630,C2711227,1
6198,C1527249,1
5173,C0011581,1
5578,C1563706,1
6347,C3658290,1
4067,C4505456,1
3479,C0751213,1
5468,C0022116,1
4556,C1839028,1
3315,C0162351,1
3718,C0158995,1
6314,C0751479,1
4599,C0026998,1
5723,C0543888,1
3209,C1867801,1
5728,C2314896,1
4053,C0265313,1
5244,C0008313,1
4311,C0376358,1
5020,C0022116,1
4851,C0023492,1
6348,C0007786,1
4508,C0795996,1
3077,C0085762,1
4284,C0392557,1
6231,C1708349,1
3166,C0086543,1
4867,C0403553,1
4879,C0458257,1
6095,C0004352,1
3553,C4279912,1
4023,C0024668,1
6262,C4053736,1
3293,C0033578,1
4118,C0018675,1
3273,C1458155,1
5096,C3714756,1
5965,C1458155,1
4803,C0011581,1
3553,C0205644,1
4549,C0155533,1
4549,C0040264,1
4625,C1834558,1
5153,C1330966,1
3990,C0020473,1
3614,C1840284,1
3689,C1527304,1
4804,C0751494,1
4593,C0751340,1
4603,C0259783,1
5020,C0494475,1
6201,C0006142,1
5743,C0024115,1
3280,C1384406,1
5837,C0271713,1
6391,C0018553,1
5582,C0007959,1
3363,C1330966,1
4929,C1269683,1
5176,C0033578,1
5447,C0001627,1
5901,C0019693,1
4323,C0027626,1
4578,C0162671,1
5465,C0026848,1
4843,C0023895,1
5376,C0392699,1
5443,C0025193,1
6296,C0376358,1
4705,C0023264,1
6299,C4025414,1
6331,C2931401,1
6348,C0917798,1
4010,C0027341,1
6314,C0522345,1
5649,C0086133,1
6336,C0004331,1
3269,C0020649,1
4524,C0398623,1
4129,C0751207,1
4057,C0751406,1
3913,C0751882,1
3785,C0751496,1
3553,C0001973,1
5328,C0027643,1
4549,C0395955,1
3952,C0033975,1
5465,C0020615,1
5268,C0009404,1
5428,C0036572,1
3756,C1257931,1
4507,C0027960,1
5894,C0345967,1
3440,C0234238,1
4072,C0024667,1
5324,C1260965,1
3315,C0040411,1
5467,C0400966,1
5291,C0033578,1
3630,C0422855,1
4846,C1257964,1
3484,C0023892,1
3552,C0263984,1
5096,C2717876,1
3576,C0007137,1
4835,C0033975,1
4089,C0347284,1
4843,C0036983,1
3356,C0011574,1
5243,C0027947,1
5605,C3809007,1
4704,C1850597,1
5378,C0346191,1
3481,C0004903,1
5080,C3714873,1
3356,C0005587,1
4846,C0021655,1
5970,C0008370,1
5184,C3714514,1
5034,C0751406,1
6295,C0042164,1
3606,C4302111,1
4204,C0035229,1
5580,C0752101,1
6389,C0007193,1
5155,C0521174,1
5444,C0750979,1
5551,C0079741,1
6414,C0027746,1
5924,C0205698,1
4763,C0205648,1
6038,C0033578,1
3371,C0452138,1
6331,C0023976,1
4915,C3151303,1
5195,C0003886,1
4088,C0949272,1
3845,C0005684,1
3576,C1527303,1
3061,C0525045,1
4336,C0543859,1
5973,C3714756,1
5583,C0013170,1
5290,C0029925,1
5071,C0024121,1
4907,C0038356,1
4915,C0334579,1
3065,C0340543,1
5167,C0011860,1
4216,C2930471,1
5015,C3151440,1
5594,C0038279,1
3240,C3279787,1
3479,C0751847,1
3725,C0311335,1
3313,C0004364,1
3162,C0087086,1
4763,C0006142,1
5265,C0376280,1
3440,C0458259,1
3752,C3714756,1
4508,C4225591,1
4163,C2713443,1
6125,C0010093,1
3423,C3714756,1
5728,C0025363,1
6414,C0009402,1
4524,C0023434,1
4602,C1961099,1
3872,C0259771,1
4893,C4011754,1
4318,C0035126,1
3280,C0700367,1
3576,C0345967,1
5153,C0023186,1
6389,C3279992,1
4150,C0019693,1
5617,C0023601,1
3567,C0011615,1
4125,C0017661,1
5595,C0021361,1
3569,C0423623,1
5894,C0007131,1
4843,C0017668,1
3897,C0231695,1
3912,C1955869,1
5327,C0236733,1
5209,C0028754,1
4843,C0206146,1
6347,C0311335,1
4036,C0376358,1
4904,C0027643,1
4583,C0205650,1
5020,C0016382,1
3554,C4302111,1
3373,C0220994,1
5209,C0525045,1
6399,C3541456,1
5190,C0025363,1
3786,C0543888,1
3630,C0751495,1
6326,C3714756,1
6334,C0234371,1
3726,C0751522,1
4318,C0007114,1
3659,C0699791,1
3553,C0023380,1
3572,C0751845,1
5604,C0027831,1
6347,C0086565,1
4353,C0272945,1
4171,C1852282,1
6328,C0751641,1
6092,C0206698,1
3290,C0011853,1
5443,C0458257,1
3290,C0020538,1
6329,C0238358,1
5443,C0151603,1
3856,C0038356,1
5468,C0221032,1
3918,C0268374,1
5743,C1266043,1
5179,C1862939,1
5961,C2751290,1
3273,C2751091,1
3418,C0028945,1
3981,C0026764,1
3091,C0005586,1
4763,C0334588,1
3674,C3714758,1
3643,C0038586,1
5743,C0021368,1
3082,C0086404,1
4311,C0271680,1
3553,C0011581,1
6097,C0393770,1
3119,C3837958,1
4843,C0149958,1
4282,C4302111,1
4068,C0376545,1
5728,C0017636,1
5265,C0027627,1
3162,C0270823,1
4843,C0009319,1
3954,C2267233,1
4190,C0036341,1
3630,C0751864,1
3235,C0919267,1
4056,C0013182,1
5825,C0009402,1
5580,C1328840,1
6281,C0022548,1
4318,C0340630,1
4292,C0009402,1
3576,C0086540,1
6231,C0235874,1
5649,C1955869,1
4487,C0376634,1
5818,C0158646,1
4915,C0236736,1
3646,C0152013,1
5058,C1266042,1
4644,C0031117,1
4088,C0087031,1
3383,C0153381,1
3569,C0238281,1
4093,C3714844,1
5340,C0013221,1
6347,C0949272,1
3552,C0345967,1
4292,C0085136,1
3082,C0040053,1
4693,C0036341,1
4320,C1527249,1
6218,C0010828,1
4313,C0264393,1
4886,C0011573,1
5193,C3714756,1
3759,C0274861,1
4093,C2973725,1
4803,C0524851,1
3565,C0020523,1
3553,C0032285,1
4074,C1269683,1
5144,C3553250,1
3934,C0027627,1
4864,C0268247,1
3815,C2861596,1
3479,C0032019,1
3500,C0158353,1
4893,C0265329,1
4942,C0220994,1
4842,C0011573,1
4397,C0011581,1
3880,C0004364,1
4524,C0005695,1
3845,C0205696,1
4988,C0422850,1
3106,C0015230,1
4135,C2678117,1
4129,C0007102,1
3236,C3714756,1
4282,C0205699,1
3552,C0751212,1
5925,C0035335,1
3576,C4302111,1
4221,C0021670,1
4311,C0017665,1
4851,C0158995,1
5528,C3714756,1
4879,C0458259,1
5621,C0276496,1
3295,C0543888,1
4968,C0018781,1
5346,C3151268,1
4018,C0040038,1
4985,C0033975,1
5179,C1862941,1
4646,C1510472,1
3358,C0234249,1
4524,C0086133,1
3845,C0149782,1
5159,C0006663,1
3356,C0427086,1
3363,C0030193,1
4600,C0025202,1
3817,C0376358,1
4939,C0011581,1
3562,C0400966,1
5445,C0007222,1
3356,C0011581,1
4595,C0024623,1
4318,C0264393,1
4208,C0311335,1
3420,C2675496,1
3162,C3714636,1
5192,C3714756,1
4322,C0376634,1
5468,C2931367,1
4001,C0751914,1
3350,C0235082,1
4012,C0751293,1
4306,C2713447,1
5580,C0752105,1
6314,C0751472,1
5998,C0023893,1
3910,C0007193,1
4607,C0085298,1
4988,C0149958,1
3605,C0009319,1
5428,C1850597,1
5663,C0751262,1
3945,C0033578,1
5621,C0376329,1
4629,C0026998,1
4780,C0023893,1
5731,C0007137,1
3702,C0376545,1
3475,C0023893,1
4548,C1257931,1
6340,C0339985,1
5777,C0006663,1
4803,C0751522,1
4952,C1968949,1
3764,C0795905,1
4908,C0311335,1
5290,C0585362,1
5582,C3714756,1
5443,C0019572,1
3236,C0270911,1
6097,C4225266,1
6403,C0032231,1
3507,C0001768,1
5824,C1269683,1
3700,C0032580,1
3458,C0178416,1
4074,C0376358,1
3060,C0234254,1
5595,C0027746,1
5591,C0019147,1
5167,C0264955,1
5743,C0270844,1
5289,C3714756,1
5582,C0752121,1
4914,C0751372,1
3981,C2700553,1
4311,C0752123,1
3569,C0010246,1
3400,C0205699,1
4864,C0750940,1
3756,C0678222,1
6239,C0795907,1
5354,C0009171,1
3973,C0342549,1
6354,C0041349,1
6403,C0087086,1
4846,C0000832,1
5757,C0024121,1
3586,C1719672,1
4609,C0008924,1
3725,C0272945,1
3958,C0000786,1
5655,C1708349,1
4763,C0553586,1
5605,C0041409,1
3553,C0162674,1
3914,C2673610,1
4803,C0268849,1
3423,C0010278,1
4869,C1708349,1
6000,C0025363,1
4853,C0154091,1
4985,C0014544,1
3303,C0025202,1
4771,C1527197,1
6277,C0002152,1
4928,C0026998,1
3350,C1527384,1
5468,C0002395,1
5327,C0013922,1
4193,C4505456,1
3875,C4277682,1
5265,C3501835,1
4144,C0024796,1
3115,C0007873,1
4568,C0162674,1
4791,C2936665,1
5376,C0034933,1
3604,C0009375,1
6335,C0438414,1
3954,C0751056,1
5428,C4316903,1
3569,C0027059,1
4293,C0278701,1
6399,C0025237,1
6128,C0007097,1
3426,C0162739,1
4915,C0152013,1
6198,C0149721,1
4311,C0393835,1
4683,C0006826,1
4604,C0270960,1
4780,C0014170,1
4548,C0036341,1
4524,C0025312,1
4208,C1510586,1
3856,C0345904,1
3852,C0205698,1
4316,C0009375,1
3394,C0026769,1
4524,C0007873,1
3749,C0393672,1
5447,C0751265,1
4541,C0029125,1
6275,C0022548,1
3440,C0152267,1
5327,C0860207,1
3557,C0751407,1
3123,C0156147,1
3417,C0158995,1
3576,C0086666,1
3191,C0678222,1
4504,C0005695,1
5743,C0038433,1
5327,C0003130,1
3303,C0887833,1
4074,C0011570,1
5789,C0041671,1
4792,C2677481,1
5591,C0751198,1
3553,C0024121,1
4595,C2713442,1
6347,C0005586,1
5595,C0024623,1
3350,C0036572,1
5265,C0013720,1
3117,C0030305,1
4613,C0278510,1
5154,C1257931,1
4824,C0376358,1
3099,C0028754,1
5095,C0268579,1
5443,C1266043,1
3082,C0750936,1
6288,C0993582,1
5159,C3554321,1
5443,C0394003,1
5879,C0011581,1
3606,C0036202,1
5354,C0023520,1
5172,C0018021,1
5424,C0023787,1
4353,C0002395,1
6049,C0152018,1
4638,C0017178,1
4049,C0010054,1
5444,C2711227,1
3553,C4277682,1
5243,C0003865,1
5816,C0033975,1
4000,C0007193,1
5429,C0006142,1
5077,C0266453,1
4763,C0027962,1
5071,C0919267,1
5055,C0038356,1
4125,C0220994,1
5660,C0751273,1
3953,C0393835,1
4695,C0024623,1
5915,C0205642,1
4846,C0243026,1
4988,C0013146,1
4233,C0280785,1
5443,C0007370,1
4353,C0494463,1
3106,C1527304,1
5590,C0376358,1
3425,C0086795,1
3690,C0158995,1
4692,C0024667,1
5191,C0008445,1
3897,C0003546,1
4792,C0678222,1
3689,C0006118,1
4437,C0152013,1
4292,C0376358,1
4938,C3837958,1
5245,C0032927,1
4780,C0345904,1
4843,C0035126,1
3690,C0948089,1
5594,C0020429,1
6198,C0079744,1
5179,C0751407,1
5174,C0678222,1
3350,C0428977,1
5125,C0005941,1
3416,C0276496,1
3265,C0376358,1
5617,C0023212,1
5725,C0205697,1
4524,C0750901,1
6399,C3714756,1
5054,C0028754,1
3557,C3714758,1
3265,C2931658,1
5178,C1527249,1
3557,C0234238,1
4953,C0205874,1
5327,C0151699,1
5894,C0022665,1
3855,C0007134,1
6049,C0011860,1
4835,C0349204,1
3767,C0002152,1
4502,C1383860,1
3091,C0008313,1
5696,C3889979,1
5581,C0740858,1
3627,C1720830,1
5327,C0740363,1
4023,C0023817,1
6223,C0376358,1
3741,C2677106,1
3630,C1136382,1
6309,C1846421,1
5290,C0431380,1
5617,C1739363,1
4524,C0751851,1
3569,C0010346,1
3569,C0273115,1
6347,C0019193,1
5743,C0003811,1
5078,C0011860,1
3852,C0007097,1
3596,C1266043,1
5894,C0029434,1
3892,C0546966,1
4224,C0007102,1
3486,C0033578,1
3280,C0334609,1
3371,C0004096,1
4988,C0035229,1
6231,C0038356,1
5074,C0205642,1
4718,C0751651,1
5424,C0009402,1
4843,C1719672,1
4233,C0279606,1
3091,C1269683,1
4723,C0751651,1
5979,C0344456,1
3123,C1258104,1
6361,C0032300,1
6165,C0376545,1
5465,C0035126,1
5567,C0206698,1
3708,C3658290,1
3440,C0000737,1
5621,C0751777,1
3481,C2930471,1
5158,C1864877,1
5189,C0002452,1
5063,C0796249,1
5730,C0005586,1
6103,C1845667,1
5950,C1708349,1
5663,C0751292,1
4646,C0038586,1
3952,C0032460,1
5327,C0023212,1
4843,C0006142,1
5743,C0011853,1
6331,C0235480,1
5015,C0751291,1
3552,C1262760,1
5024,C0751213,1
5058,C0279702,1
5020,C0020649,1
3845,C0334581,1
5598,C0458247,1
4683,C0376545,1
5617,C3489630,1
6023,C0010828,1
3952,C0948896,1
4233,C0750935,1
4233,C0334581,1
5443,C0282126,1
4137,C0751706,1
4524,C0149871,1
4204,C0751349,1
3458,C1565489,1
5327,C0742803,1
3785,C0270851,1
4988,C0751212,1
5465,C0019209,1
5445,C0002736,1
4192,C0751293,1
3417,C0023467,1
4803,C0403447,1
3265,C0205698,1
5340,C0023893,1
3360,C0001956,1
4208,C0917816,1
3952,C0028756,1
5788,C0349204,1
5154,C0678222,1
5020,C0033575,1
5617,C1868675,1
3236,C0003873,1
4878,C0003130,1
3350,C0036341,1
4851,C0036439,1
5648,C0796032,1
3776,C0086133,1
3358,C0087169,1
5359,C0023893,1
4720,C0162666,1
4489,C0007137,1
5581,C0038580,1
5594,C0086189,1
4771,C0431121,1
4669,C0033578,1
3939,C0271713,1
3973,C0006142,1
4803,C0752100,1
6227,C0235874,1
3952,C0038358,1
5885,C3553517,1
3440,C0079747,1
5271,C1849193,1
3749,C0014556,1
3680,C1839839,1
3572,C0740391,1
4552,C0021364,1
5660,C0751279,1
5743,C0025193,1
3845,C0009375,1
3576,C0040336,1
4842,C0015967,1
4217,C0025202,1
5156,C1621958,1
5518,C1708349,1
5743,C1168401,1
3569,C0035228,1
4846,C0751011,1
3569,C3714636,1
3490,C1708349,1
3785,C0270824,1
4512,C0162671,1
5192,C1955869,1
3569,C0162848,1
6342,C0393610,1
5266,C0162351,1
4609,C0149721,1
3744,C1527249,1
5274,C0751782,1
3791,C0001418,1
4150,C4505456,1
5468,C0334588,1
3162,C0011265,1
3652,C1527249,1
3195,C0037997,1
4012,C0751294,1
3589,C0740391,1
4233,C0524611,1
4988,C0009171,1
3565,C0035234,1
5728,C1959588,1
4129,C3714756,1
6403,C0525041,1
5921,C0038505,1
4851,C0496930,1
3845,C0345905,1
4988,C0033975,1
5587,C3714756,1
4916,C1269683,1
4846,C0008925,1
3757,C0033975,1
5502,C0018802,1
5914,C2239176,1
4035,C1527249,1
5265,C0205643,1
4878,C0027627,1
4512,C0205697,1
3082,C1842342,1
3123,C0949272,1
3240,C1565662,1
3848,C0007114,1
5327,C0751893,1
3073,C1848917,1
3605,C1262760,1
4566,C0342289,1
3350,C0024517,1
5728,C0280324,1
6335,C0150055,1
5176,C0042164,1
3737,C0019284,1
4512,C1838854,1
4436,C0029925,1
4549,C0751558,1
4015,C0019202,1
4780,C0041755,1
5563,C0751956,1
6329,C0751884,1
4041,C1866079,1
5054,C2711227,1
4541,C1839040,1
5605,C0175704,1
3798,C4310658,1
4853,C0496956,1
5053,C0031485,1
3621,C1168401,1
4323,C0205643,1
5465,C1706412,1
5293,C0376358,1
5116,C1847572,1
4594,C1855116,1
5824,C3658299,1
3897,C0235000,1
5743,C0751522,1
3084,C0751408,1
5880,C0158995,1
6334,C0234377,1
6366,C0003873,1
4018,C0004153,1
3953,C0002152,1
3308,C0001969,1
6137,C0235874,1
6334,C3668822,1
5599,C1708349,1
5340,C2609414,1
3684,C0023487,1
4318,C0027627,1
4204,C0021712,1
3670,C0027643,1
4843,C0038433,1
5991,C0751851,1
5915,C0007137,1
5595,C1719672,1
5443,C0553730,1
4952,C0028860,1
5352,C0023890,1
3479,C0000786,1
3265,C0030354,1
4880,C0018273,1
5506,C1852091,1
5125,C0040588,1
5962,C0008370,1
3954,C4317123,1
4843,C4316903,1
3714,C0751674,1
5605,C1527404,1
5328,C0002395,1
5144,C0036341,1
3488,C0006142,1
5781,C0010828,1
3146,C2936719,1
6281,C0025193,1
6199,C1335167,1
4537,C1850599,1
5429,C0432328,1
5664,C0002395,1
3417,C0334588,1
5626,C0342384,1
4878,C1449563,1
3553,C0271710,1
3750,C3714756,1
5156,C4545381,1
5443,C0004930,1
3456,C0270824,1
3552,C0033141,1
3570,C0029456,1
5174,C0376358,1
4988,C1145670,1
4852,C0751293,1
3691,C0268374,1
5468,C0949272,1
5268,C1257931,1
5592,C0158995,1
4306,C0011581,1
5601,C0393787,1
5997,C0038356,1
5913,C0026848,1
3479,C2609414,1
4842,C3146244,1
5683,C0001787,1
4524,C0021361,1
5294,C1961112,1
4540,C2936907,1
4780,C3241937,1
6351,C0311375,1
4157,C0751212,1
6281,C0344315,1
6351,C0274862,1
4087,C0600519,1
3572,C0020517,1
4074,C1266042,1
3990,C3151466,1
3845,C0302592,1
5621,C1527352,1
4914,C0238463,1
5443,C1306837,1
4594,C1855114,1
4524,C1262760,1
3101,C0006142,1
5294,C0023212,1
5950,C0205697,1
4363,C0020538,1
4363,C0235874,1
4000,C1527383,1
3963,C0024668,1
6194,C1708349,1
3265,C0205874,1
5155,C1333989,1
3274,C0007138,1
3912,C0034069,1
4843,C0036330,1
5230,C1266043,1
5999,C0005586,1
4504,C0751495,1
6285,C0005587,1
4723,C0543888,1
5860,C0031485,1
4908,C2936719,1
3934,C0271979,1
4771,C0345967,1
3694,C0034067,1
3231,C0751407,1
3219,C0678222,1
4192,C0345967,1
5617,C0033375,1
5972,C0001787,1
3611,C0751111,1
3915,C0033578,1
4536,C0917796,1
4318,C0238281,1
4846,C0205645,1
3082,C0036529,1
5320,C0269102,1
5728,C2931367,1
4288,C1458155,1
4524,C1856059,1
4321,C0264393,1
3242,C1262760,1
6341,C0018799,1
3954,C3495874,1
4549,C0155534,1
3077,C0264886,1
4194,C0041696,1
3458,C0009319,1
3440,C0009404,1
4887,C0001973,1
4233,C0205697,1
6326,C0751122,1
3489,C0269102,1
3621,C0585362,1
5243,C0024809,1
4204,C0004352,1
4982,C0026141,1
4885,C0038587,1
4057,C0022408,1
3418,C0376545,1
5594,C0007137,1
5328,C0750970,1
4780,C3494522,1
3643,C0751213,1
3350,C0751263,1
4915,C0009171,1
4548,C1956130,1
3586,C0014324,1
4524,C1956130,1
4846,C0546837,1
4049,C0034189,1
5880,C0010828,1
4306,C0018802,1
4046,C0018824,1
3481,C0011265,1
4282,C1719672,1
5245,C0205644,1
3458,C0243026,1
6095,C0024623,1
5663,C0011570,1
5595,C0033578,1
5743,C0002152,1
3558,C0751408,1
4284,C3809001,1
3835,C3714756,1
6093,C0086468,1
3908,C3714756,1
4129,C0004352,1
4323,C1257931,1
6336,C1142166,1
3952,C0020459,1
5036,C0024623,1
3557,C0751262,1
4868,C1704377,1
3553,C0678222,1
5125,C0431415,1
3569,C0234535,1
3850,C1855670,1
6002,C0036341,1
4023,C0020474,1
3440,C0023530,1
6314,C0234146,1
5054,C0017668,1
4595,C2713443,1
5294,C0278876,1
4233,C4085248,1
4057,C1262477,1
5420,C0007273,1
3375,C0011860,1
3274,C0860207,1
4771,C0025202,1
5522,C0013990,1
6299,C0265246,1
3574,C0452047,1
3553,C0751056,1
3082,C0751407,1
5340,C4225445,1
3717,C0521174,1
4585,C1266044,1
5037,C1266044,1
4342,C0152013,1
4841,C4518356,1
5754,C1319315,1
4292,C0476089,1
3952,C0020443,1
3694,C0524910,1
5443,C0011849,1
4247,C0000786,1
4128,C0004936,1
5641,C0023893,1
5599,C0040997,1
5743,C0036529,1
5443,C0035411,1
5443,C0340375,1
3240,C0002895,1
3321,C1867060,1
3630,C0005586,1
6389,C0206695,1
3791,C0086404,1
3351,C0422852,1
4968,C0152013,1
6347,C0086540,1
5663,C0004045,1
3425,C0086431,1
6336,C0751212,1
4149,C0476089,1
4023,C0020443,1
4158,C3714756,1
4582,C0345967,1
3480,C0235833,1
6335,C3714756,1
3586,C0086541,1
6387,C4505456,1
4099,C0036341,1
6341,C0162557,1
3955,C0282577,1
3955,C1837549,1
3845,C3809005,1
4314,C0971858,1
3553,C0000786,1
5743,C0234535,1
3849,C0011616,1
5156,C0278510,1
4843,C2609414,1
6347,C0035222,1
4041,C1843323,1
5617,C0205644,1
3717,C0006663,1
5965,C0346153,1
3071,C0023893,1
5205,C0268318,1
5599,C0011615,1
3133,C0349204,1
4524,C0860207,1
3605,C0023487,1
5567,C0033578,1
6346,C0041349,1
4692,C0007097,1
5741,C0035579,1
4625,C0264886,1
4889,C0001973,1
3684,C0036341,1
3565,C0013182,1
4792,C0220597,1
4145,C1335167,1
3569,C0234533,1
5327,C0234472,1
5864,C0334578,1
4137,C0752104,1
5054,C0023212,1
5950,C0205698,1
3845,C0334582,1
6347,C0011881,1
3858,C0274862,1
3718,C1862939,1
5991,C0037274,1
3952,C0751494,1
6277,C0205833,1
3726,C0242379,1
5966,C0025261,1
3084,C0236804,1
3737,C0234535,1
3483,C0034012,1
4000,C0349788,1
5550,C0002624,1
4842,C0751793,1
3440,C0038325,1
3440,C0037650,1
3949,C0034362,1
3952,C0033578,1
4790,C0010093,1
6369,C0013182,1
5468,C0038356,1
5444,C0020550,1
4893,C0007131,1
6311,C0752123,1
4915,C0750936,1
4015,C0345050,1
6209,C0024623,1
3488,C0678222,1
4288,C0009404,1
5048,C0266483,1
4233,C0750936,1
6125,C0029927,1
4074,C0024623,1
5209,C0751851,1
3418,C0422853,1
3098,C1854449,1
3791,C0026760,1
4299,C0006142,1
5595,C0018675,1
5008,C0087031,1
3248,C2930922,1
3557,C0015379,1
5332,C3553404,1
5443,C0087169,1
4314,C2936719,1
5692,C4505456,1
3604,C0038356,1
4524,C0152426,1
5784,C0006142,1
6334,C0025363,1
3778,C0279702,1
4843,C0013295,1
5626,C0878683,1
4851,C0338070,1
3569,C4046002,1
6231,C4025414,1
3231,C1527249,1
5080,C0002152,1
4352,C1327915,1
3632,C0036341,1
3594,C0007786,1
4286,C0154040,1
3295,C3714756,1
3303,C0023895,1
6311,C0543859,1
5732,C4074771,1
6237,C0028326,1
5443,C0234254,1
5453,C0041696,1
4843,C0085580,1
4512,C0020564,1
5142,C0236804,1
5624,C0040038,1
3350,C0494475,1
3169,C0015695,1
4998,C3714756,1
6337,C1449844,1
4968,C0751571,1
4629,C1851504,1
5979,C0025269,1
4323,C0014859,1
4361,C3714756,1
5743,C1306837,1
3248,C3714756,1
5465,C0033687,1
4771,C1266043,1
5733,C3658302,1
4618,C3661489,1
3553,C0009319,1
3776,C0041696,1
5308,C3495489,1
3458,C0038433,1
5921,C0007820,1
4854,C0017636,1
3767,C0422855,1
5265,C0023890,1
3091,C0008312,1
4852,C0014556,1
3586,C1262477,1
4615,C3714636,1
3077,C0268323,1
5657,C0023473,1
5664,C0011265,1
3839,C0041696,1
4846,C0042594,1
4683,C0178416,1
3084,C0751407,1
5890,C1257931,1
3558,C0002871,1
4609,C2713368,1
5728,C0085261,1
4846,C1257963,1
3091,C0002793,1
5020,C0751187,1
5743,C0006826,1
6334,C3280415,1
4313,C0340630,1
5368,C0751262,1
5428,C0004712,1
4552,C0041755,1
6390,C0018553,1
3384,C0345967,1
5327,C0036341,1
4211,C1458155,1
4157,C0020429,1
5594,C0021361,1
6231,C0010828,1
5443,C0003130,1
5321,C0264423,1
5413,C0270715,1
3569,C0022876,1
5727,C0238198,1
3557,C0751524,1
3553,C0393787,1
5164,C0036529,1
5529,C1257806,1
5709,C4505456,1
3767,C0342302,1
4842,C0600272,1
5727,C0008924,1
4853,C0005684,1
3757,C0007102,1
4010,C1535926,1
3953,C0011853,1
4758,C0751777,1
5329,C0205697,1
4684,C0001973,1
3569,C0007134,1
4524,C1721098,1
5831,C0013720,1
3952,C0494475,1
4014,C1858805,1
3484,C0032927,1
3553,C0023518,1
3655,C0014527,1
3291,C0011854,1
5199,C1136209,1
3077,C0011265,1
5424,C0011053,1
3091,C0547065,1
6347,C0263628,1
3078,C3553720,1
5743,C0032580,1
5465,C0028754,1
4908,C0041696,1
6135,C0158995,1
3117,C0085179,1
5444,C0006118,1
5649,C0036341,1
3576,C0006142,1
5860,C0268465,1
4615,C0079744,1
5468,C0025202,1
3162,C0750986,1
5443,C0086133,1
5328,C0205642,1
3162,C0272203,1
5444,C0598608,1
4352,C1292778,1
3712,C0220994,1
3158,C0007102,1
3725,C0751523,1
3746,C0751782,1
3119,C0011854,1
3899,C0029231,1
4053,C3553785,1
5979,C0027662,1
3845,C0473574,1
3569,C0040136,1
3697,C0345904,1
3569,C0004153,1
6352,C0241910,1
3694,C0399367,1
3172,C0011860,1
4968,C0020507,1
5993,C2931418,1
3265,C0010828,1
5617,C0269102,1
5395,C1333990,1
4720,C4302111,1
3728,C0349788,1
4986,C4048158,1
3875,C0267809,1
3977,C0033578,1
3912,C0085786,1
3827,C0151603,1
5077,C0581883,1
3763,C0011581,1
4162,C0751324,1
4524,C0042487,1
6347,C0022661,1
3242,C3658290,1
3569,C0043250,1
3891,C1865951,1
6334,C0750994,1
4668,C0338473,1
5947,C0024668,1
5092,C1849700,1
5764,C0024668,1
4211,C0751252,1
4804,C0751123,1
5243,C1257931,1
4852,C0393682,1
6347,C0032226,1
5595,C0038279,1
4853,C0029434,1
4804,C0036572,1
5649,C1571983,1
4524,C0022658,1
5328,C0007138,1
4060,C0043250,1
4988,C0033774,1
3481,C0027746,1
6347,C0020542,1
3791,C0036391,1
3620,C0178417,1
5894,C1969057,1
5443,C0751510,1
3958,C0024623,1
5914,C0149940,1
4908,C0011882,1
4194,C0334588,1
3735,C0751651,1
3912,C0020255,1
4780,C0007131,1
3697,C0036341,1
5583,C0236969,1
5573,C2607929,1
5184,C3494247,1
4803,C0236736,1
4148,C0029408,1
3718,C0349639,1
5860,C0751435,1
3910,C0000822,1
5663,C0751295,1
4137,C1262477,1
3098,C0158995,1
5345,C3489734,1
4287,C0004138,1
4158,C0005586,1
5027,C0433900,1
4864,C0029089,1
4524,C0024304,1
5426,C0009402,1
5887,C0376634,1
6347,C1563937,1
4900,C0005586,1
4790,C0009375,1
3240,C0205734,1
3934,C0019025,1
6331,C2585653,1
4879,C0242698,1
5443,C0154697,1
4054,C0432228,1
5034,C1862178,1
4524,C0027765,1
6351,C4302111,1
4722,C0023264,1
3358,C0423712,1
3818,C0007274,1
5327,C0936247,1
3280,C0334588,1
5467,C0007114,1
5970,C1458155,1
5979,C0154045,1
5617,C2937421,1
4211,C0541798,1
5328,C0151699,1
4478,C3495559,1
3315,C0020507,1
5468,C1720861,1
4282,C0678222,1
5339,C0432317,1
4693,C1844579,1
3265,C0302592,1
3748,C0004138,1
5816,C0751494,1
4308,C2750747,1
5443,C0010692,1
4929,C0037274,1
5978,C1269683,1
3785,C0751494,1
5925,C3179349,1
5727,C0153633,1
3418,C0751395,1
3914,C4046002,1
5527,C3501844,1
5696,C1850568,1
6392,C0349535,1
6347,C0270823,1
3735,C3714756,1
4214,C0678222,1
3572,C3714636,1
4204,C1145670,1
6297,C1961099,1
5168,C0549473,1
3077,C0036341,1
5009,C0009241,1
3976,C0752351,1
6309,C0152427,1
3479,C0005695,1
5972,C0038433,1
5170,C0678222,1
5645,C0030305,1
3162,C0151744,1
5932,C1847572,1
3845,C0205641,1
3082,C0334580,1
5465,C0033578,1
5900,C3714756,1
4313,C2239176,1
5521,C0752121,1
3630,C0030567,1
4830,C0700292,1
3459,C0269102,1
4853,C0006142,1
5587,C0001418,1
4886,C0152234,1
5577,C1959583,1
3553,C0751848,1
3060,C0338715,1
5731,C0205641,1
4171,C0452138,1
4810,C0086543,1
3945,C0027626,1
4780,C0476089,1
3117,C1704378,1
4351,C0282577,1
6023,C0158995,1
3973,C0860158,1
5054,C0035228,1
5594,C0027533,1
5173,C0751110,1
6347,C0027055,1
4088,C3151087,1
5743,C0282313,1
3265,C0282313,1
3791,C0025237,1
4594,C0028754,1
5395,C0334584,1
4481,C2931456,1
5626,C3714756,1
5594,C0458247,1
4204,C0025958,1
4318,C0002152,1
4780,C1262760,1
5947,C0019193,1
4704,C0023264,1
4537,C0023264,1
5268,C1527249,1
4731,C0005586,1
3267,C0023893,1
5080,C0376358,1
5521,C0752120,1
3479,C0751849,1
4057,C0007102,1
6121,C1879328,1
3778,C1266044,1
4907,C1708349,1
4179,C1527249,1
3439,C0009402,1
5314,C1257799,1
5934,C0023893,1
3269,C0086189,1
5373,C0917816,1
3440,C0036690,1
3559,C0036341,1
3383,C0376358,1
5407,C0006142,1
5340,C0020255,1
3558,C0023530,1
5290,C2239176,1
5290,C0001418,1
5195,C0008370,1
6343,C0039231,1
3576,C0034069,1
5728,C0280321,1
4524,C0040156,1
4318,C2751322,1
3612,C0751110,1
4792,C2931822,1
4292,C0007102,1
5024,C0020429,1
3572,C0009404,1
5257,C0006142,1
5327,C0751846,1
4879,C0018798,1
3558,C0006118,1
5244,C3489728,1
3945,C0948089,1
3077,C1867968,1
6335,C0019372,1
6390,C0344456,1
3612,C0751495,1
3417,C0280793,1
5594,C0746787,1
3162,C0178324,1
3552,C0151744,1
3667,C1852091,1
5935,C0006142,1
4852,C0085762,1
3953,C0751437,1
4646,C0013146,1
6256,C0154748,1
3674,C1861195,1
3135,C0004096,1
3569,C0549473,1
5754,C1535926,1
5322,C1856718,1
4624,C0031192,1
4129,C0009375,1
5534,C0149721,1
5327,C0242184,1
5264,C0007959,1
3791,C0036341,1
4255,C0153381,1
5471,C0151744,1
3557,C0005586,1
3586,C0022660,1
4669,C0026706,1
3073,C1848922,1
3091,C0020507,1
4193,C0006142,1
3767,C0342276,1
3630,C0033943,1
6347,C0750987,1
4353,C3263723,1
4939,C0011570,1
4534,C0175709,1
4843,C1527303,1
3569,C0751214,1
3767,C4317109,1
3481,C0009404,1
5727,C0496899,1
3586,C0032231,1
4094,C0009363,1
4830,C0242184,1
4221,C0011993,1
4683,C0017638,1
4521,C0010828,1
4851,C0000768,1
5582,C0752123,1
3263,C4279912,1
4853,C0011860,1
4803,C0740376,1
3350,C0525045,1
5580,C4317109,1
3612,C0751496,1
5327,C0750917,1
3767,C0422850,1
6331,C1879286,1
5424,C3489396,1
3579,C0740391,1
5054,C0011881,1
5580,C0270844,1
5328,C0042386,1
4524,C1956132,1
4843,C0270823,1
5020,C0751119,1
3791,C1865871,1
3764,C0038644,1
3439,C2239176,1
6338,C0020538,1
4284,C0344523,1
3815,C1319315,1
3480,C0007114,1
6279,C0022548,1
4017,C0023893,1
5747,C0278883,1
4284,C0524524,1
4524,C0009375,1
4297,C0023466,1
5860,C0543888,1
3556,C1168401,1
6389,C0264886,1
3484,C0175693,1
4487,C1970117,1
3101,C0086565,1
3565,C0043144,1
3709,C0995195,1
5889,C0006142,1
5314,C0009714,1
5251,C0010278,1
4567,C0162674,1
3612,C0234533,1
3357,C1959583,1
3575,C0023892,1
4916,C0525045,1
3162,C0022116,1
5728,C1959582,1
5327,C0019064,1
3691,C0220636,1
3350,C0458259,1
5020,C0036341,1
4633,C1834460,1
4211,C0751249,1
6338,C1449842,1
3209,C1841679,1
3458,C3658301,1
3737,C0422850,1
3073,C3714756,1
3972,C0341869,1
4609,C0027627,1
5595,C0751177,1
4254,C0024668,1
6091,C0205644,1
4541,C1838979,1
4085,C1136382,1
5826,C0009402,1
6338,C2713447,1
4255,C0032927,1
4292,C0496920,1
5444,C0751675,1
4830,C0027626,1
3611,C0009171,1
6414,C0205646,1
3603,C1527304,1
3265,C0154091,1
6209,C0376545,1
5455,C0086743,1
6347,C0740376,1
3084,C0234230,1
4313,C3658290,1
5139,C0038454,1
4353,C0038433,1
5428,C0019193,1
4353,C0043251,1
5376,C0522345,1
5166,C3658290,1
5781,C3463824,1
3231,C0919267,1
4843,C0751213,1
3572,C0751849,1
3643,C1257965,1
5116,C3502214,1
5187,C0023473,1
3952,C0003865,1
6323,C3502809,1
3630,C0152234,1
5328,C0205643,1
4591,C0029434,1
3074,C0036161,1
4843,C0004096,1
4625,C3661489,1
6285,C0750969,1
4803,C4048158,1
4240,C0006142,1
6336,C0234247,1
3875,C1876165,1
3693,C0040128,1
5172,C0151516,1
5320,C0035126,1
6391,C0006826,1
5443,C0011570,1
5244,C1112213,1
3627,C1269683,1
4695,C0751268,1
3303,C0376358,1
5173,C0236733,1
5914,C0877578,1
5728,C1306837,1
5020,C0877781,1
6201,C0678222,1
5978,C0027708,1
5443,C4048158,1
3553,C0751295,1
3596,C0032285,1
6187,C0003129,1
4143,C0015695,1
3206,C0205644,1
5428,C1112213,1
5130,C0339527,1
5290,C3887461,1
3479,C0029453,1
6201,C2675511,1
4624,C0007193,1
3930,C3714756,1
4869,C0206182,1
5594,C0036920,1
3569,C1527303,1
3620,C0021368,1
3688,C0023212,1
3329,C1708349,1
4792,C0033860,1
3242,C0268623,1
5979,C0085758,1
5245,C1708349,1
3162,C0024117,1
3710,C0011854,1
3440,C0086133,1
4357,C0025202,1
3284,C0033578,1
4613,C3714756,1
3670,C0005689,1
3480,C0752347,1
6390,C3149711,1
4087,C0376634,1
4879,C0036529,1
5595,C0341869,1
3458,C0032300,1
4854,C0334588,1
3350,C0751123,1
4646,C0029231,1
3178,C0152013,1
4860,C0311375,1
4318,C0003496,1
4353,C0270611,1
5925,C3151302,1
3572,C1257925,1
5396,C3494424,1
4804,C3495874,1
5502,C0878544,1
3084,C1136382,1
5885,C4025414,1
5328,C0007820,1
4161,C0005586,1
4504,C0234535,1
3400,C0024667,1
5599,C0458247,1
6285,C0221480,1
4548,C0588008,1
5648,C0796059,1
4585,C1266042,1
3694,C4015557,1
3418,C0035078,1
3329,C0740391,1
5959,C1405854,1
4864,C0028754,1
6399,C0029422,1
5621,C0033578,1
4853,C1621958,1
3553,C1458155,1
6340,C0221043,1
3630,C1262477,1
5743,C0014175,1
3596,C0033860,1
5424,C0011052,1
3684,C0162820,1
4902,C0019569,1
4763,C0205768,1
5294,C0079744,1
5426,C0024623,1
4548,C0162429,1
3553,C0022541,1
4211,C0349255,1
5243,C4277682,1
4255,C0750974,1
6347,C0037926,1
