,Protein1_ID,Protein2_ID,label
0,26121,126375,1
1,386674,440021,1
2,8559,79618,1
3,4943,30820,1
4,80125,80256,1
5,55152,202559,1
6,5966,64098,1
7,5047,65983,1
8,10928,54535,1
9,9146,54785,1
10,4111,55346,1
11,5129,9135,1
12,51545,123722,1
13,79797,126375,1
14,26505,220082,1
15,5610,8575,1
16,3927,9319,1
17,4184,84616,1
18,9240,54913,1
19,1822,26039,1
20,4783,51421,1
21,2010,117144,1
22,83851,92840,1
23,84616,388677,1
24,51324,57159,1
25,26205,440738,1
26,10318,440738,1
27,11281,54902,1
28,23154,80258,1
29,375791,100526836,1
30,122183,201181,1
31,2622,90933,1
32,8522,25804,1
33,11281,346673,1
34,7325,11060,1
35,10215,200081,1
36,80352,139212,1
37,3885,84707,1
38,1163,9830,1
39,862,54550,1
40,337968,353139,1
41,9146,11281,1
42,7185,57473,1
43,4665,147687,1
44,2159,29978,1
45,8419,30850,1
46,8887,54981,1
47,3801,23028,1
48,4436,10513,1
49,4188,64745,1
50,3866,205860,1
51,8629,9463,1
52,9135,55138,1
53,127665,386681,1
54,4815,388512,1
55,22806,79090,1
56,57684,403341,1
57,79953,89885,1
58,640,9513,1
59,9500,92345,1
60,1857,170082,1
61,7251,8887,1
62,7185,402381,1
63,5780,116173,1
64,81603,170685,1
65,55697,255374,1
66,6293,9099,1
67,2623,8646,1
68,604,59349,1
69,126069,386681,1
70,6271,6285,1
71,375791,402117,1
72,9810,27185,1
73,56947,400258,1
74,7718,440295,1
75,23619,386675,1
76,1207,57819,1
77,3215,5087,1
78,29978,56107,1
79,10539,388962,1
80,2353,9586,1
81,8697,10174,1
82,23192,84557,1
83,1671,29978,1
84,63898,123722,1
85,4223,84914,1
86,145483,283234,1
87,4188,55536,1
88,5626,9462,1
89,4188,100131997,1
90,10682,388633,1
91,5626,51447,1
92,8928,9500,1
93,56159,387119,1
94,11178,23028,1
95,7528,375791,1
96,10169,375791,1
97,4184,85289,1
98,3881,399693,1
99,4678,8290,1
100,220929,375791,1
101,5125,57532,1
102,10811,57459,1
103,3849,125115,1
104,513,386681,1
105,9240,60484,1
106,9463,57621,1
107,134526,134526,1
108,988,440321,1
109,2801,132671,1
110,5866,388677,1
111,54955,339834,1
112,9802,337974,1
113,284185,375791,1
114,83899,353132,1
115,55900,386674,1
116,23598,348093,1
117,3846,90594,1
118,4188,353142,1
119,66037,84733,1
120,5682,79077,1
121,55697,254950,1
122,83755,353134,1
123,11030,284365,1
124,6470,386682,1
125,3840,55421,1
126,54764,170082,1
127,26040,30014,1
128,112483,112483,1
129,54544,353140,1
130,11077,134121,1
131,91582,388677,1
132,8688,121391,1
133,3854,3884,1
134,9240,55885,1
135,6310,8301,1
136,4223,337959,1
137,9782,58155,1
138,7851,388633,1
139,58500,64170,1
140,6449,84699,1
141,55697,81932,1
142,8227,27111,1
143,2039,7186,1
144,5940,27316,1
145,3801,10464,1
146,51324,57085,1
147,54764,79025,1
148,7004,10174,1
149,64094,387264,1
150,7541,84779,1
151,10174,79005,1
152,3198,85294,1
153,4802,11281,1
154,1822,283208,1
155,2275,25959,1
156,25894,169966,1
157,8237,26063,1
158,26147,116412,1
159,3050,388677,1
160,4601,386681,1
161,59349,146057,1
162,3190,202559,1
163,51367,51473,1
164,22903,146705,1
165,64781,375791,1
166,2274,6721,1
167,117144,386672,1
168,22920,84779,1
169,3198,5125,1
170,26984,56947,1
171,148223,645455,1
172,3093,23016,1
173,3839,27430,1
174,638,10017,1
175,56158,256126,1
176,162239,440295,1
177,5966,54971,1
178,7186,92129,1
179,24144,283849,1
180,5493,144100,1
181,1896,5350,1
182,84616,386674,1
183,4222,388389,1
184,4110,9589,1
185,3087,81850,1
186,1198,84708,1
187,7185,644945,1
188,655,386681,1
189,4952,150368,1
190,132158,254958,1
191,27185,64170,1
192,11092,81851,1
193,6310,54845,1
194,83752,93426,1
195,5709,23099,1
196,5987,147687,1
197,3885,58524,1
198,6613,57594,1
199,598,90427,1
200,1478,159195,1
201,5054,29978,1
202,5378,6990,1
203,4105,399693,1
204,816,64118,1
205,79943,386683,1
206,25959,57159,1
207,2054,63908,1
208,6804,6804,1
209,4143,4144,1
210,2572,114569,1
211,8575,55922,1
212,1912,2354,1
213,640,130540,1
214,3881,22977,1
215,6449,53822,1
216,1616,391257,1
217,5819,388677,1
218,8434,388677,1
219,91445,348938,1
220,117144,386682,1
221,11252,29763,1
222,1616,24144,1
223,862,645455,1
224,5256,7389,1
225,4188,84527,1
226,4223,7571,1
227,4223,23005,1
228,5300,8456,1
229,9463,220929,1
230,8260,10241,1
231,8576,388324,1
232,8227,55145,1
233,23503,202243,1
234,54474,386682,1
235,8543,24144,1
236,685,81850,1
237,8419,93426,1
238,6804,90407,1
239,5626,81629,1
240,3087,375791,1
241,8022,84914,1
242,6804,51267,1
243,80256,375791,1
244,6605,375791,1
245,6431,55692,1
246,11117,27018,1
247,5987,9586,1
248,11178,84080,1
249,54764,117283,1
250,115704,127665,1
251,5626,26043,1
252,4780,7138,1
253,4223,159013,1
254,6919,23216,1
255,7415,84708,1
256,9351,9618,1
257,81850,84069,1
258,55722,57559,1
259,4223,27040,1
260,3251,6386,1
261,26121,284001,1
262,55211,112574,1
263,22806,53347,1
264,85291,386674,1
265,95,4521,1
266,57332,79618,1
267,54942,55286,1
268,7186,83444,1
269,11077,127665,1
270,8631,84106,1
271,2275,84970,1
272,2010,11077,1
273,79862,342574,1
274,11091,139231,1
275,5829,170082,1
276,1411,1415,1
277,7541,9587,1
278,11077,29070,1
279,3183,3840,1
280,10423,84708,1
281,5079,114824,1
282,1503,1503,1
283,79036,201725,1
284,81850,386676,1
285,5879,386682,1
286,4760,6938,1
287,9792,342945,1
288,81603,84708,1
289,11178,112869,1
290,7629,57594,1
291,3875,114327,1
292,1656,10174,1
293,26249,30000,1
294,2954,7186,1
295,6809,63908,1
296,164592,256646,1
297,5013,83900,1
298,59277,375791,1
299,4223,7620,1
300,29946,199990,1
301,196472,388677,1
302,1962,30850,1
303,151254,284001,1
304,5966,55663,1
305,3187,9500,1
306,2801,80705,1
307,27005,54793,1
308,29922,84260,1
309,8688,92170,1
310,8543,9119,1
311,6804,80833,1
312,2274,116496,1
313,5886,9802,1
314,5626,79008,1
315,9454,79098,1
316,58529,353323,1
317,5252,54764,1
318,3880,6605,1
319,112464,114928,1
320,2275,8538,1
321,55662,57182,1
322,8736,23281,1
323,1158,140462,1
324,358,200734,1
325,6293,56344,1
326,1981,3881,1
327,4110,57610,1
328,57085,60314,1
329,2622,27185,1
330,56850,84708,1
331,55697,196074,1
332,8697,339834,1
333,6449,6860,1
334,1687,92610,1
335,64753,162239,1
336,6605,125115,1
337,340359,386681,1
338,9702,79571,1
339,27156,79839,1
340,9463,55885,1
341,5129,79959,1
342,10919,84779,1
343,10651,29978,1
344,6687,9240,1
345,79931,266740,1
346,4223,54849,1
347,5092,7033,1
348,85291,353140,1
349,81850,114971,1
350,10640,54536,1
351,9463,9618,1
352,166,23598,1
353,4673,246176,1
354,3880,5682,1
355,1457,1822,1
356,26511,54507,1
357,6811,84699,1
358,143884,347240,1
359,8678,22863,1
360,56850,388389,1
361,7741,64753,1
362,4223,55174,1
363,3851,147183,1
364,84883,140691,1
365,10539,342132,1
366,23641,79666,1
367,3886,140807,1
368,6428,27316,1
369,1187,3881,1
370,79050,80856,1
371,8317,57594,1
372,9530,653240,1
373,79931,386682,1
374,26505,440295,1
375,4004,10006,1
376,5626,6945,1
377,5575,158798,1
378,7704,440295,1
379,8887,9747,1
380,3960,222546,1
381,29922,339005,1
382,9001,151254,1
383,51171,83990,1
384,5300,129401,1
385,8517,27238,1
386,80258,132671,1
387,4188,157773,1
388,7186,57862,1
389,65986,147687,1
390,6449,6782,1
391,2354,4739,1
392,146894,375791,1
393,5987,50650,1
394,57595,79959,1
395,7003,10612,1
396,85291,353141,1
397,245973,353323,1
398,10152,645455,1
399,5062,8440,1
400,9605,57594,1
401,7545,9500,1
402,2801,55696,1
403,27324,83900,1
404,29775,100129534,1
405,286075,386682,1
406,7257,56850,1
407,10567,29916,1
408,11117,27342,1
409,10623,63976,1
410,862,5575,1
411,7189,222166,1
412,166,4656,1
413,818,25959,1
414,10495,10495,1
415,9099,10640,1
416,3198,353141,1
417,8498,140258,1
418,3198,23294,1
419,92595,116412,1
420,88,79696,1
421,5092,55093,1
422,7205,58524,1
423,2622,7128,1
424,4223,151194,1
425,4188,284346,1
426,7371,7371,1
427,3885,375791,1
428,9775,10919,1
429,6839,90933,1
430,79078,388324,1
431,23566,84283,1
432,6938,493829,1
433,815,65003,1
434,127687,200081,1
435,10982,25828,1
436,114990,353140,1
437,79005,116115,1
438,4223,145757,1
439,6919,51421,1
440,90933,284346,1
441,5080,26240,1
442,10254,29978,1
443,358,2801,1
444,26258,339005,1
445,3885,134121,1
446,55662,353322,1
447,1794,83900,1
448,9025,9463,1
449,6386,9659,1
450,51324,114824,1
451,9111,66036,1
452,8880,55048,1
453,2274,8548,1
454,8559,11178,1
455,10597,58513,1
456,112869,148137,1
457,10302,84832,1
458,4188,54906,1
459,3885,60484,1
460,126375,386682,1
461,57862,123722,1
462,167838,440184,1
463,7681,84707,1
464,6938,124790,1
465,1781,6993,1
466,29948,80258,1
467,23216,162239,1
468,6396,7188,1
469,7541,65003,1
470,79139,147872,1
471,54793,57332,1
472,10174,154865,1
473,284001,339834,1
474,9958,50628,1
475,23516,55964,1
476,3875,54955,1
477,64926,79839,1
478,9100,9908,1
479,25959,283234,1
480,1641,4223,1
481,9779,23194,1
482,11043,54535,1
483,9146,83659,1
484,58529,342096,1
485,1315,4591,1
486,51257,89885,1
487,5252,80258,1
488,3860,9119,1
489,9586,11030,1
490,9533,54764,1
491,57594,84984,1
492,5966,55616,1
493,30818,57126,1
494,10640,127703,1
495,2203,8789,1
496,104,6780,1
497,2256,386682,1
498,1810,6908,1
499,9961,9961,1
500,25959,51053,1
501,1491,83606,1
502,81850,253128,1
503,55093,57727,1
504,6230,64061,1
505,150248,283219,1
506,23371,147687,1
507,29922,64333,1
508,11011,80321,1
509,116173,128872,1
510,7589,284119,1
511,8503,8548,1
512,11043,84823,1
513,10524,57621,1
514,10268,375791,1
515,57332,64170,1
516,1454,114991,1
517,152815,386682,1
518,54474,386681,1
519,840,6303,1
520,4747,150572,1
521,23099,152206,1
522,4088,8928,1
523,1198,3216,1
524,30011,284001,1
525,7678,375791,1
526,6919,8087,1
527,7003,25937,1
528,166,168544,1
529,79065,83899,1
530,9929,54507,1
531,56925,80264,1
532,5493,10320,1
533,6048,7325,1
534,9516,92840,1
535,10302,56850,1
536,4300,10513,1
537,6286,7045,1
538,8559,23299,1
539,10020,337968,1
540,862,8022,1
541,9802,29978,1
542,9841,64395,1
543,10318,375791,1
544,10152,27156,1
545,7186,220004,1
546,64753,92999,1
547,50628,83899,1
548,3251,285672,1
549,5859,10464,1
550,353132,440051,1
551,10656,256329,1
552,11077,64221,1
553,55721,148137,1
554,202299,388677,1
555,51480,222389,1
556,4869,10361,1
557,9659,57659,1
558,84707,386681,1
559,1453,64770,1
560,805,84223,1
561,6613,9880,1
562,10865,375791,1
563,3881,8409,1
564,386681,653240,1
565,8115,23548,1
566,23281,57474,1
567,84699,503497,1
568,149420,339448,1
569,9463,84984,1
570,5689,50628,1
571,29775,79165,1
572,6804,57474,1
573,4656,8419,1
574,55815,145483,1
575,80817,164127,1
576,26060,55198,1
577,54793,79797,1
578,6652,6652,1
579,84056,89953,1
580,81850,340359,1
581,7069,84217,1
582,22903,22903,1
583,7051,339344,1
584,10252,81851,1
585,779,375791,1
586,5700,5711,1
587,6925,79078,1
588,9019,56947,1
589,1589,3198,1
590,7148,11281,1
591,10318,29922,1
592,3885,114971,1
593,8618,84708,1
594,1857,80764,1
595,5626,84779,1
596,54458,59349,1
597,6867,7067,1
598,11043,126070,1
599,8543,375791,1
600,54165,81603,1
601,9564,399665,1
602,23636,283152,1
603,10403,285180,1
604,11151,123722,1
605,3937,9513,1
606,7432,29978,1
607,22806,56891,1
608,1656,254958,1
609,23636,54544,1
610,60468,159686,1
611,85289,440021,1
612,3801,54535,1
613,57511,91156,1
614,4188,259236,1
615,1435,386681,1
616,64927,147872,1
617,4188,140606,1
618,7185,164592,1
619,90060,375791,1
620,11140,54763,1
621,388677,388818,1
622,3848,162605,1
623,9518,353323,1
624,5892,339834,1
625,6598,6601,1
626,10687,60484,1
627,79843,80258,1
628,839,55093,1
629,339005,440321,1
630,26119,79991,1
631,11077,347240,1
632,6525,11259,1
633,4601,440050,1
634,9140,29950,1
635,8945,114088,1
636,92399,116173,1
637,8646,353323,1
638,2669,64170,1
639,79446,375791,1
640,84707,337968,1
641,10445,57673,1
642,5080,29119,1
643,55048,63876,1
644,79640,125115,1
645,147744,388633,1
646,9146,374355,1
647,9618,440295,1
648,51655,337968,1
649,4188,83903,1
650,3215,80321,1
651,11345,26031,1
652,8452,79698,1
653,11043,253128,1
654,284352,348093,1
655,89885,126364,1
656,84522,147872,1
657,6120,6120,1
658,10656,112574,1
659,140710,256646,1
660,24144,257236,1
661,9841,80321,1
662,81850,353144,1
663,5626,6310,1
664,5500,64651,1
665,2801,25999,1
666,1857,653121,1
667,7702,9747,1
668,9146,29978,1
669,55138,59349,1
670,84708,85294,1
671,9721,375791,1
672,117178,254187,1
673,4110,126402,1
674,3190,26121,1
675,373,29979,1
676,2669,375791,1
677,599,147872,1
678,284297,645455,1
679,2801,23473,1
680,386678,386681,1
681,80022,200734,1
682,4163,57332,1
683,1656,9463,1
684,8313,8940,1
685,7718,10127,1
686,3788,89885,1
687,5966,245972,1
688,7054,9063,1
689,816,11140,1
690,5626,118663,1
691,7528,85289,1
692,54971,122183,1
693,705,10475,1
694,84616,386681,1
695,116412,378951,1
696,89885,338761,1
697,3881,112802,1
698,29979,30008,1
699,8559,440295,1
700,3092,220136,1
701,7185,63904,1
702,8553,55885,1
703,24144,26012,1
704,6804,8677,1
705,80256,80258,1
706,4013,56952,1
707,57596,64395,1
708,29800,85294,1
709,22839,126133,1
710,8976,9322,1
711,8270,84520,1
712,23005,337968,1
713,84708,84864,1
714,26121,159163,1
715,9260,64098,1
716,54507,337968,1
717,5626,7127,1
718,7251,84708,1
719,56658,80019,1
720,3433,4223,1
721,9802,55432,1
722,56475,388512,1
723,56947,58191,1
724,60468,84140,1
725,8646,83755,1
726,60491,154881,1
727,26153,161514,1
728,5754,81850,1
729,23371,140258,1
730,51699,55737,1
731,10464,64395,1
732,3886,340359,1
733,4223,55697,1
734,9238,23299,1
735,51655,284001,1
736,84140,256646,1
737,5355,23647,1
738,8470,8470,1
739,10252,386676,1
740,112802,342574,1
741,7142,81851,1
742,8727,84282,1
743,8687,121391,1
744,4656,25763,1
745,662,6804,1
746,26505,29978,1
747,23636,205860,1
748,24144,30850,1
749,140876,202243,1
750,55216,246329,1
751,3603,24144,1
752,51019,84708,1
753,8548,23294,1
754,2937,2937,1
755,435,79892,1
756,9457,126353,1
757,3881,9415,1
758,3744,22845,1
759,1406,2997,1
760,9422,10526,1
761,3801,54906,1
762,6449,222894,1
763,29978,115572,1
764,4188,10252,1
765,5608,9463,1
766,29946,57542,1
767,10152,79165,1
768,123722,399693,1
769,9929,85294,1
770,54507,85359,1
771,10127,51282,1
772,54058,80321,1
773,23299,79862,1
774,11043,26003,1
775,51364,375791,1
776,9530,11332,1
777,55152,135293,1
778,388677,440023,1
779,23299,84271,1
780,11043,147808,1
781,7917,246100,1
782,57567,57596,1
783,3881,5551,1
784,9782,342574,1
785,6285,6286,1
786,3219,4188,1
787,54507,54793,1
788,4188,27309,1
789,8688,9119,1
790,10467,353323,1
791,9883,23633,1
792,386682,440021,1
793,11270,56947,1
794,331,7321,1
795,8266,8864,1
796,29994,51074,1
797,57162,84283,1
798,83899,284346,1
799,4105,7629,1
800,7321,57159,1
801,3488,388633,1
802,4188,23598,1
803,57761,63876,1
804,84248,162632,1
805,1656,54764,1
806,81850,140606,1
807,3630,81850,1
808,10320,80256,1
809,4292,6792,1
810,9463,56915,1
811,4188,285093,1
812,9852,159195,1
813,10419,11140,1
814,5940,339344,1
815,54507,199834,1
816,23371,386683,1
817,51645,146325,1
818,8576,158297,1
819,51367,83878,1
820,55697,80759,1
821,166,25959,1
822,10342,23201,1
823,5565,57159,1
824,7545,375791,1
825,270,271,1
826,8496,645455,1
827,30008,375791,1
828,6919,159195,1
829,9319,51700,1
830,3885,27287,1
831,1967,1967,1
832,54623,123169,1
833,4342,57621,1
834,55093,83892,1
835,11043,27238,1
836,64396,90933,1
837,356,23371,1
838,29775,84527,1
839,5111,116173,1
840,7316,7337,1
841,7205,117144,1
842,3881,54955,1
843,202243,441208,1
844,1443,4223,1
845,9929,83899,1
846,9784,10567,1
847,5626,440603,1
848,10865,348093,1
849,10241,25801,1
850,9759,125115,1
851,8887,79005,1
852,11346,112869,1
853,7004,143241,1
854,55697,100132341,1
855,8636,11140,1
856,23089,441518,1
857,55145,55145,1
858,10783,11099,1
859,6628,11060,1
860,84285,653121,1
861,8655,284083,1
862,7869,353323,1
863,143241,254187,1
864,4118,6804,1
865,250,353135,1
866,285464,386681,1
867,2669,283899,1
868,64320,283219,1
869,9463,65265,1
870,10459,22806,1
871,10539,57019,1
872,85285,353141,1
873,2192,4223,1
874,9463,197322,1
875,3801,391257,1
876,3215,26031,1
877,2653,4110,1
878,10445,64375,1
879,64793,84708,1
880,3886,112802,1
881,29785,386681,1
882,54550,148223,1
883,4802,6721,1
884,11043,140691,1
885,5450,23126,1
886,29775,126070,1
887,2740,81850,1
888,6804,7124,1
889,3852,3880,1
890,90480,342574,1
891,10268,388677,1
892,3839,10524,1
893,2801,9129,1
894,9319,27287,1
895,29978,84970,1
896,9295,81888,1
897,58524,83900,1
898,11145,29979,1
899,114990,375791,1
900,208,57630,1
901,79092,127665,1
902,3383,386681,1
903,5585,10464,1
904,4223,5143,1
905,79095,80184,1
906,54535,339005,1
907,1535,4188,1
908,64755,84699,1
909,3885,4342,1
910,2243,24144,1
911,5626,6700,1
912,4499,387264,1
913,3055,386681,1
914,23526,221302,1
915,9240,10865,1
916,9463,152815,1
917,1656,3885,1
918,9533,60491,1
919,9456,51225,1
920,84662,440295,1
921,353141,440021,1
922,29800,386681,1
923,23216,164127,1
924,10006,54620,1
925,10403,23368,1
926,23641,84707,1
927,11202,386681,1
928,326343,440050,1
929,6737,84951,1
930,10767,53918,1
931,1616,57621,1
932,6500,93611,1
933,5300,154796,1
934,4188,10464,1
935,631,23636,1
936,7681,196441,1
937,197407,254958,1
938,10733,63976,1
939,79577,440295,1
940,7185,51316,1
941,6293,23118,1
942,10513,22845,1
943,29922,388324,1
944,6386,200845,1
945,8559,51421,1
946,5626,51619,1
947,5990,121643,1
948,1408,81850,1
949,29079,126282,1
950,10318,11284,1
951,783,10419,1
952,8831,11077,1
953,50619,342096,1
954,3603,3801,1
955,1389,1649,1
956,10656,202559,1
957,55810,112399,1
958,8664,23243,1
959,8548,154313,1
960,23640,342574,1
961,1741,79154,1
962,55165,127703,1
963,166,7431,1
964,24144,51361,1
965,3934,29979,1
966,705,3801,1
967,51764,54507,1
968,6919,54550,1
969,7188,55145,1
970,2801,57332,1
971,55888,84547,1
972,25937,55346,1
973,23582,284365,1
974,4184,81850,1
975,1602,9295,1
976,5479,29978,1
977,9025,23543,1
978,117177,161514,1
979,9975,386683,1
980,8061,79571,1
981,6780,91694,1
982,11281,64927,1
983,51072,84708,1
984,2969,246100,1
985,11007,401541,1
986,11140,64168,1
987,10982,55118,1
988,8030,23281,1
989,51562,57325,1
990,10174,84766,1
991,23219,55109,1
992,132228,219854,1
993,51440,348487,1
994,11144,391257,1
995,4004,23099,1
996,25959,64170,1
997,1195,84708,1
998,57120,166793,1
999,3849,3880,1
1000,8087,26121,1
1001,50489,65983,1
1002,10783,22887,1
1003,91368,246100,1
1004,80321,143884,1
1005,2801,7023,1
1006,10933,57684,1
1007,10174,80705,1
1008,63978,84708,1
1009,64170,143884,1
1010,51315,55216,1
1011,79898,440050,1
1012,79959,254173,1
1013,2071,54763,1
1014,7185,84766,1
1015,146712,375791,1
1016,5252,10152,1
1017,57532,386675,1
1018,4223,8260,1
1019,10464,11140,1
1020,2275,353323,1
1021,353143,386682,1
1022,11146,63976,1
1023,8548,55633,1
1024,2354,5252,1
1025,2801,58517,1
1026,11338,54033,1
1027,7678,386682,1
1028,55048,143241,1
1029,1522,375791,1
1030,51741,57561,1
1031,9025,55964,1
1032,4110,152926,1
1033,84294,386681,1
1034,9070,84661,1
1035,2274,54971,1
1036,8458,26205,1
1037,1039,2669,1
1038,7186,117283,1
1039,5584,50855,1
1040,3219,11340,1
1041,4665,64147,1
1042,4110,10018,1
1043,348093,373863,1
1044,6584,388677,1
1045,90827,386682,1
1046,79090,117177,1
1047,11043,55138,1
1048,375791,388677,1
1049,9482,56947,1
1050,7295,60491,1
1051,166,79797,1
1052,4105,7518,1
1053,373,55138,1
1054,79444,146325,1
1055,22899,55165,1
1056,23281,127703,1
1057,4355,55327,1
1058,3104,653121,1
1059,9975,386682,1
1060,3801,10810,1
1061,3224,4222,1
1062,85289,388677,1
1063,79165,386681,1
1064,138046,220359,1
1065,9319,386684,1
1066,55697,259234,1
1067,9963,386682,1
1068,10174,92345,1
1069,5690,8313,1
1070,254958,284352,1
1071,27156,83861,1
1072,6804,146540,1
1073,56947,222662,1
1074,9618,51256,1
1075,112755,116841,1
1076,5525,22873,1
1077,23281,199720,1
1078,9454,23022,1
1079,3224,9355,1
1080,6924,57594,1
1081,10464,57594,1
1082,1674,5493,1
1083,6418,151246,1
1084,642,25796,1
1085,81851,84708,1
1086,116412,386682,1
1087,57713,84456,1
1088,4188,162968,1
1089,7702,55702,1
1090,4188,494514,1
1091,4223,167838,1
1092,6922,283237,1
1093,2801,84932,1
1094,7702,220929,1
1095,4149,79666,1
1096,1838,24144,1
1097,158866,199675,1
1098,3691,4188,1
1099,64598,89885,1
1100,3055,388677,1
1101,9463,29948,1
1102,4188,284391,1
1103,4188,353145,1
1104,285971,375791,1
1105,8664,9463,1
1106,342132,386674,1
1107,1364,286827,1
1108,84823,90060,1
1109,83899,353142,1
1110,1740,84154,1
1111,84080,143241,1
1112,9240,57104,1
1113,7584,9454,1
1114,4223,79190,1
1115,63874,116173,1
1116,1808,1809,1
1117,147947,386676,1
1118,5966,8933,1
1119,2275,84914,1
1120,64599,79637,1
1121,51603,55145,1
1122,4543,375791,1
1123,1838,26088,1
1124,11178,53347,1
1125,83755,386676,1
1126,8541,24144,1
1127,6809,6810,1
1128,7791,84816,1
1129,54507,57088,1
1130,3939,5602,1
1131,2800,11178,1
1132,167826,386682,1
1133,8664,80321,1
1134,3801,3852,1
1135,3433,348093,1
1136,55093,283219,1
1137,10534,391257,1
1138,358,5966,1
1139,3866,3891,1
1140,11284,55145,1
1141,6925,10036,1
1142,1406,84662,1
1143,1838,3881,1
1144,9775,254958,1
1145,4188,399693,1
1146,26039,116225,1
1147,3055,81850,1
1148,189,388677,1
1149,10174,84330,1
1150,2947,2949,1
1151,10043,84779,1
1152,3561,92610,1
1153,90589,386682,1
1154,3204,6386,1
1155,4223,23625,1
1156,5859,254958,1
1157,2686,222642,1
1158,3866,161514,1
1159,5601,84080,1
1160,85289,353133,1
1161,22806,84309,1
1162,25959,256646,1
1163,8313,85289,1
1164,83878,340359,1
1165,53615,63876,1
1166,148979,254887,1
1167,54927,375791,1
1168,9463,246176,1
1169,7791,55272,1
1170,3885,64927,1
1171,2669,54764,1
1172,4223,23173,1
1173,26043,84937,1
1174,1748,51763,1
1175,53820,79959,1
1176,7170,55145,1
1177,64753,170954,1
1178,63898,80321,1
1179,4747,9099,1
1180,79618,121536,1
1181,4342,64753,1
1182,7813,387849,1
1183,284346,386682,1
1184,81603,117144,1
1185,7186,166979,1
1186,373,253128,1
1187,7185,169792,1
1188,9873,23641,1
1189,9798,29978,1
1190,11043,64395,1
1191,10252,11077,1
1192,51460,494119,1
1193,6938,121549,1
1194,116225,253980,1
1195,327,9798,1
1196,24144,441376,1
1197,10318,114823,1
1198,2801,84080,1
1199,26207,116173,1
1200,9802,26579,1
1201,79036,126868,1
1202,655,5987,1
1203,9463,64802,1
1204,348645,375791,1
1205,9830,80705,1
1206,11077,56924,1
1207,2280,4281,1
1208,4223,7403,1
1209,1457,55145,1
1210,4188,112574,1
1211,2623,386682,1
1212,5859,200734,1
1213,23582,201232,1
1214,5921,64395,1
1215,3055,9240,1
1216,83741,386683,1
1217,11099,115290,1
1218,4741,7431,1
1219,1392,386681,1
1220,3736,4118,1
1221,8985,10174,1
1222,10616,84330,1
1223,5129,7185,1
1224,10868,89885,1
1225,4899,23126,1
1226,6386,79618,1
1227,78999,375791,1
1228,3881,55337,1
1229,3891,390792,1
1230,1725,6133,1
1231,27315,375791,1
1232,4780,23028,1
1233,26121,130540,1
1234,5575,7917,1
1235,57698,57698,1
1236,818,55342,1
1237,7024,9874,1
1238,6133,10687,1
1239,3488,388512,1
1240,6919,55145,1
1241,10174,54620,1
1242,116115,116349,1
1243,705,29127,1
1244,3190,286380,1
1245,10687,11140,1
1246,6839,57621,1
1247,163,9883,1
1248,51207,57658,1
1249,8887,440738,1
1250,4223,163742,1
1251,29911,92999,1
1252,5500,153743,1
1253,580,8313,1
1254,5563,57561,1
1255,864,865,1
1256,353323,389834,1
1257,3693,375791,1
1258,6399,27095,1
1259,162968,386681,1
1260,1635,84708,1
1261,22885,25959,1
1262,4223,26511,1
1263,3198,6386,1
1264,132954,285172,1
1265,4783,391257,1
1266,125115,253827,1
1267,116225,222546,1
1268,3881,284904,1
1269,5630,7431,1
1270,10286,11077,1
1271,6924,7813,1
1272,2959,10589,1
1273,463,84823,1
1274,54971,55791,1
1275,11284,116840,1
1276,6925,51693,1
1277,83900,256329,1
1278,9266,10256,1
1279,6303,246176,1
1280,9659,143884,1
1281,5575,84662,1
1282,8861,56956,1
1283,3846,5682,1
1284,801,9657,1
1285,4101,55196,1
1286,246176,440295,1
1287,84456,114900,1
1288,220929,440295,1
1289,2801,84832,1
1290,51027,79444,1
1291,9817,79728,1
1292,1641,23281,1
1293,6293,54955,1
1294,3881,53358,1
1295,23281,51655,1
1296,11178,55885,1
1297,9618,80256,1
1298,1411,1417,1
1299,8688,9146,1
1300,4357,9189,1
1301,4920,9802,1
1302,26071,29978,1
1303,9513,153527,1
1304,81850,124935,1
1305,9454,140735,1
1306,3796,116540,1
1307,11281,25806,1
1308,3839,124790,1
1309,22924,55118,1
1310,55219,353135,1
1311,89885,374395,1
1312,83900,84648,1
1313,4184,83755,1
1314,6607,171483,1
1315,1039,2622,1
1316,246100,283459,1
1317,4591,8317,1
1318,11211,375791,1
1319,340359,390792,1
1320,51324,100288797,1
1321,80342,84699,1
1322,256329,386683,1
1323,6631,337968,1
1324,2686,222662,1
1325,4118,84929,1
1326,6925,121549,1
1327,7490,79618,1
1328,26240,56850,1
1329,6919,9278,1
1330,9463,339834,1
1331,120379,285381,1
1332,386677,388677,1
1333,1491,8434,1
1334,8313,83899,1
1335,6233,29979,1
1336,2848,388633,1
1337,9217,9278,1
1338,3093,64844,1
1339,83746,254958,1
1340,81892,440295,1
1341,3224,7185,1
1342,4188,84707,1
1343,5080,8545,1
1344,399693,440295,1
1345,23294,57536,1
1346,573,5708,1
1347,5585,11043,1
1348,2275,126669,1
1349,2274,84656,1
1350,4110,5264,1
1351,27185,79571,1
1352,57786,64170,1
1353,10152,10810,1
1354,9463,11284,1
1355,125115,164592,1
1356,51522,84283,1
1357,80742,202559,1
1358,7185,128553,1
1359,8517,51619,1
1360,7257,57511,1
1361,79065,146664,1
1362,527,199675,1
1363,11178,79005,1
1364,26003,283685,1
1365,6810,8674,1
1366,8541,220082,1
1367,55093,114824,1
1368,5524,202243,1
1369,5493,147183,1
1370,51460,80256,1
1371,83755,162968,1
1372,55322,84337,1
1373,8636,9463,1
1374,4323,221302,1
1375,665,80777,1
1376,81857,375791,1
1377,5252,24144,1
1378,5307,9095,1
1379,353141,440050,1
1380,23281,56122,1
1381,10783,24144,1
1382,3603,54793,1
1383,7813,10124,1
1384,9533,80823,1
1385,7004,389136,1
1386,4004,283234,1
1387,79444,84458,1
1388,8115,200081,1
1389,9099,10174,1
1390,23028,283349,1
1391,166,147687,1
1392,1159,1329,1
1393,353137,386683,1
1394,30850,79005,1
1395,166,4089,1
1396,6737,10612,1
1397,10212,10212,1
1398,81850,386681,1
1399,162968,337968,1
1400,7766,29775,1
1401,55536,284119,1
1402,6911,9500,1
1403,83901,340359,1
1404,1857,7247,1
1405,1406,3958,1
1406,8543,79977,1
1407,1962,90933,1
1408,23671,388677,1
1409,11117,66036,1
1410,1488,29994,1
1411,2146,386676,1
1412,4110,392360,1
1413,2815,81851,1
1414,1794,29775,1
1415,3868,23647,1
1416,8676,9025,1
1417,2740,81851,1
1418,5626,59277,1
1419,2054,8675,1
1420,88,5682,1
1421,3215,7185,1
1422,9618,84309,1
1423,79943,386680,1
1424,25959,59339,1
1425,3846,4184,1
1426,6605,8100,1
1427,3801,353288,1
1428,8559,23281,1
1429,51071,126133,1
1430,7528,8022,1
1431,5500,81566,1
1432,3885,9119,1
1433,23281,51204,1
1434,599,89885,1
1435,4681,59349,1
1436,5626,6602,1
1437,353131,353135,1
1438,6769,158405,1
1439,1740,5275,1
1440,80258,91694,1
1441,83719,375791,1
1442,3087,4188,1
1443,8241,222389,1
1444,51193,57621,1
1445,2801,147807,1
1446,6605,24144,1
1447,7170,8379,1
1448,55663,375791,1
1449,356,386683,1
1450,1406,60682,1
1451,7629,8022,1
1452,10817,79983,1
1453,4223,27063,1
1454,54764,127665,1
1455,10430,91445,1
1456,9830,11099,1
1457,10016,553115,1
1458,4105,11332,1
1459,9463,342132,1
1460,22913,220359,1
1461,23636,84708,1
1462,11243,79003,1
1463,163,25959,1
1464,5987,9883,1
1465,4223,9643,1
1466,11252,23242,1
1467,6737,10750,1
1468,8548,84707,1
1469,54507,140836,1
1470,104,391257,1
1471,7159,79005,1
1472,10320,51265,1
1473,4004,4670,1
1474,5601,11178,1
1475,6386,54764,1
1476,81629,159195,1
1477,9278,10445,1
1478,27342,29911,1
1479,7681,25959,1
1480,26505,386681,1
1481,6804,170082,1
1482,57684,221527,1
1483,7707,84217,1
1484,11077,84914,1
1485,353,54902,1
1486,22929,22929,1
1487,80823,83746,1
1488,114971,353140,1
1489,90874,386681,1
1490,23281,114336,1
1491,4188,9610,1
1492,60561,83541,1
1493,6928,55697,1
1494,3801,55285,1
1495,1838,10363,1
1496,8440,114785,1
1497,3885,57332,1
1498,1740,9229,1
1499,10733,374407,1
1500,5601,80258,1
1501,284069,353323,1
1502,7704,11077,1
1503,80823,126353,1
1504,11281,64396,1
1505,3572,4110,1
1506,84616,337968,1
1507,189,2354,1
1508,11043,57159,1
1509,8241,389677,1
1510,7681,285093,1
1511,1740,6202,1
1512,9659,9841,1
1513,85294,126069,1
1514,3198,4188,1
1515,7711,386674,1
1516,3885,84330,1
1517,6810,8417,1
1518,5300,23281,1
1519,30850,145483,1
1520,10458,22941,1
1521,54778,388677,1
1522,83755,375791,1
1523,6386,10900,1
1524,91694,254958,1
1525,9189,10597,1
1526,4004,79618,1
1527,3881,147687,1
1528,6990,6990,1
1529,11178,144100,1
1530,8559,8618,1
1531,22822,440050,1
1532,6455,55048,1
1533,89,79933,1
1534,79959,199223,1
1535,23641,51256,1
1536,196740,386682,1
1537,5914,6258,1
1538,4241,386682,1
1539,81850,386678,1
1540,9322,55145,1
1541,89885,192683,1
1542,29775,157773,1
1543,26003,114824,1
1544,26505,54764,1
1545,56850,81788,1
1546,80823,151254,1
1547,8379,80705,1
1548,116412,127665,1
1549,166,23641,1
1550,10190,11178,1
1551,3299,91404,1
1552,862,51225,1
1553,7186,7984,1
1554,6133,22913,1
1555,64753,137209,1
1556,6133,79959,1
1557,6770,9135,1
1558,7704,64170,1
1559,56952,79892,1
1560,6938,118812,1
1561,84140,283899,1
1562,30011,337968,1
1563,9830,339834,1
1564,10934,54808,1
1565,1457,1460,1
1566,54749,386681,1
1567,9463,80764,1
1568,353141,388677,1
1569,9099,135892,1
1570,6898,6898,1
1571,7185,23598,1
1572,6310,7186,1
1573,10687,80764,1
1574,4591,9841,1
1575,5129,9454,1
1576,4163,220929,1
1577,9278,152206,1
1578,27111,286499,1
1579,159195,375791,1
1580,166,388677,1
1581,8697,202243,1
1582,11270,286827,1
1583,51379,51379,1
1584,9587,57594,1
1585,116835,386681,1
1586,1822,5308,1
1587,84456,170082,1
1588,54925,387032,1
1589,116173,147872,1
1590,4223,388325,1
1591,23204,80222,1
1592,5727,10513,1
1593,93474,386682,1
1594,10874,388677,1
1595,22954,54793,1
1596,24144,246176,1
1597,83899,388677,1
1598,6938,9464,1
1599,5987,7507,1
1600,1026,2801,1
1601,7415,165324,1
1602,259236,375791,1
1603,1146,375791,1
1604,83901,353135,1
1605,10152,11077,1
1606,7187,201516,1
1607,23281,54552,1
1608,7040,9404,1
1609,23368,79632,1
1610,7128,84708,1
1611,6449,6693,1
1612,2801,148281,1
1613,79847,375791,1
1614,9322,10006,1
1615,863,92999,1
1616,407,84838,1
1617,5563,7988,1
1618,5207,25894,1
1619,117144,386678,1
1620,163071,163071,1
1621,2669,7431,1
1622,8576,54507,1
1623,10174,170954,1
1624,25797,29978,1
1625,5626,64108,1
1626,8313,8676,1
1627,5626,9500,1
1628,5037,9463,1
1629,665,56649,1
1630,128977,375791,1
1631,64753,200081,1
1632,9001,137209,1
1633,55337,375791,1
1634,9099,143241,1
1635,5575,254187,1
1636,7813,84140,1
1637,4656,133015,1
1638,80321,222696,1
1639,6782,29979,1
1640,9319,80778,1
1641,8559,64170,1
1642,10539,386680,1
1643,58986,388677,1
1644,1488,10472,1
1645,24144,84807,1
1646,2773,29899,1
1647,78990,81603,1
1648,25927,56952,1
1649,2997,5130,1
1650,29116,80258,1
1651,51427,386681,1
1652,7869,29775,1
1653,54764,414060,1
1654,4103,7259,1
1655,80178,386682,1
1656,25804,57594,1
1657,84832,390792,1
1658,8409,388677,1
1659,51545,85294,1
1660,51043,92856,1
1661,9533,159195,1
1662,3190,26505,1
1663,150483,337968,1
1664,3219,51460,1
1665,1026,3881,1
1666,4938,29911,1
1667,5575,27124,1
1668,9531,79720,1
1669,7812,283987,1
1670,23281,145946,1
1671,117144,222546,1
1672,9145,89885,1
1673,1408,89857,1
1674,54971,56891,1
1675,1946,286451,1
1676,6780,55922,1
1677,353139,353323,1
1678,284365,337968,1
1679,375791,392307,1
1680,988,23281,1
1681,3850,3885,1
1682,9463,116092,1
1683,81851,91582,1
1684,24144,90427,1
1685,7257,23177,1
1686,10495,84282,1
1687,5966,84069,1
1688,3603,80125,1
1689,8687,23005,1
1690,3846,116412,1
1691,9586,386683,1
1692,4784,54870,1
1693,2622,84140,1
1694,10152,83444,1
1695,3433,3437,1
1696,8789,8789,1
1697,10237,56947,1
1698,5318,54763,1
1699,80258,150483,1
1700,9415,388677,1
1701,353139,386681,1
1702,56654,386681,1
1703,2950,7051,1
1704,22822,81850,1
1705,9217,54778,1
1706,7862,55536,1
1707,84680,84680,1
1708,6146,246329,1
1709,9802,130617,1
1710,7187,414157,1
1711,3881,339005,1
1712,202051,388677,1
1713,8688,112802,1
1714,5031,388677,1
1715,166,63978,1
1716,10197,84708,1
1717,5984,5985,1
1718,408,5626,1
1719,63978,90933,1
1720,114971,386675,1
1721,23281,146540,1
1722,7186,170954,1
1723,51421,199221,1
1724,5626,11281,1
1725,78999,81850,1
1726,815,6606,1
1727,57532,83897,1
1728,54955,127933,1
1729,5859,10529,1
1730,5108,149371,1
1731,5013,83901,1
1732,1857,10197,1
1733,7917,54518,1
1734,29946,84705,1
1735,284309,386674,1
1736,8463,9686,1
1737,11077,170954,1
1738,63920,151194,1
1739,9569,114932,1
1740,1857,83892,1
1741,54939,54951,1
1742,85289,353143,1
1743,54507,375567,1
1744,718,386681,1
1745,10464,374407,1
1746,1794,4188,1
1747,5876,10785,1
1748,287015,440050,1
1749,3608,5987,1
1750,5575,55093,1
1751,29922,51421,1
1752,29911,83541,1
1753,4223,164237,1
1754,7414,89958,1
1755,4809,6607,1
1756,23598,337968,1
1757,3886,53358,1
1758,3190,91746,1
1759,1270,158067,1
1760,7187,9883,1
1761,8772,8772,1
1762,24144,80714,1
1763,4862,55768,1
1764,11267,84313,1
1765,4336,386683,1
1766,1311,57532,1
1767,758,54764,1
1768,51013,56915,1
1769,83899,353145,1
1770,10254,57542,1
1771,11332,29979,1
1772,1039,25959,1
1773,5499,23368,1
1774,11077,79843,1
1775,7920,113878,1
1776,4188,9518,1
1777,3856,162605,1
1778,7297,375791,1
1779,513,4188,1
1780,10667,54764,1
1781,91694,146664,1
1782,54507,146664,1
1783,8440,80125,1
1784,443,91703,1
1785,9463,100288527,1
1786,3215,23641,1
1787,5013,25894,1
1788,23633,284802,1
1789,163,25828,1
1790,10152,55909,1
1791,2997,6925,1
1792,81850,353137,1
1793,1400,1809,1
1794,11077,25959,1
1795,6628,8880,1
1796,1027,23281,1
1797,54507,84708,1
1798,6919,85403,1
1799,6293,170954,1
1800,3848,3868,1
1801,7869,386676,1
1802,9099,79444,1
1803,3852,3866,1
1804,7186,9610,1
1805,9146,283208,1
1806,5585,9454,1
1807,8545,9463,1
1808,7171,9463,1
1809,10656,79797,1
1810,3885,644945,1
1811,84445,126868,1
1812,9039,54935,1
1813,3316,9531,1
1814,83878,220082,1
1815,6386,286753,1
1816,539,64753,1
1817,7323,55223,1
1818,8545,11140,1
1819,7185,26003,1
1820,597,638,1
1821,54927,55722,1
1822,7580,386682,1
1823,3885,54474,1
1824,3889,342574,1
1825,25959,440295,1
1826,356,8440,1
1827,51421,55138,1
1828,4150,386676,1
1829,2740,3846,1
1830,3846,7869,1
1831,7498,23426,1
1832,9051,79665,1
1833,1287,56947,1
1834,9533,79444,1
1835,6102,135293,1
1836,284297,342574,1
1837,10513,338382,1
1838,7134,7135,1
1839,80342,147872,1
1840,57563,83639,1
1841,64061,79159,1
1842,80764,342574,1
1843,168417,386682,1
1844,4802,159119,1
1845,8559,56850,1
1846,2275,7965,1
1847,79843,114928,1
1848,8636,84708,1
1849,166,114327,1
1850,5300,64857,1
1851,7528,386676,1
1852,22864,81851,1
1853,4188,9674,1
1854,23641,26240,1
1855,27239,29978,1
1856,7678,11043,1
1857,9586,440050,1
1858,23163,162968,1
1859,55257,386675,1
1860,23786,149461,1
1861,5626,22919,1
1862,91289,375791,1
1863,7633,375791,1
1864,9958,342096,1
1865,83899,440021,1
1866,8398,159195,1
1867,4222,54819,1
1868,640,9463,1
1869,57511,402682,1
1870,4004,7702,1
1871,9852,116840,1
1872,6919,7431,1
1873,79637,653121,1
1874,4184,337968,1
1875,51545,342574,1
1876,5626,153918,1
1877,388677,401508,1
1878,1478,11281,1
1879,57616,60561,1
1880,4110,64770,1
1881,84528,84970,1
1882,147807,386682,1
1883,1295,8601,1
1884,8543,25959,1
1885,10539,55758,1
1886,84914,202243,1
1887,55224,386682,1
1888,988,23368,1
1889,9240,200350,1
1890,8559,79571,1
1891,26505,83900,1
1892,353133,386680,1
1893,3183,4223,1
1894,8601,114971,1
1895,4188,221504,1
1896,27,9322,1
1897,10169,337972,1
1898,1656,56478,1
1899,83541,123722,1
1900,1641,11043,1
1901,8355,54751,1
1902,5878,259173,1
1903,9463,162968,1
1904,23281,57105,1
1905,81850,387266,1
1906,8559,80321,1
1907,6804,11161,1
1908,6811,6812,1
1909,5862,202243,1
1910,406,55526,1
1911,5318,29911,1
1912,402,9094,1
1913,10894,388677,1
1914,5626,79005,1
1915,4223,4342,1
1916,6293,83541,1
1917,4223,134829,1
1918,58986,81851,1
1919,9841,116115,1
1920,11077,54910,1
1921,6495,11281,1
1922,11339,54550,1
1923,9119,29948,1
1924,8655,84516,1
1925,8061,55509,1
1926,640,8087,1
1927,55145,138046,1
1928,6804,23673,1
1929,10020,448834,1
1930,23582,51406,1
1931,8440,9564,1
1932,7186,51142,1
1933,8559,64651,1
1934,11077,29994,1
1935,10197,79446,1
1936,7158,55697,1
1937,84708,253980,1
1938,1785,9531,1
1939,147872,254428,1
1940,6810,8676,1
1941,7707,159195,1
1942,64753,644096,1
1943,373,3215,1
1944,2735,51684,1
1945,9463,170082,1
1946,331,84708,1
1947,1838,9463,1
1948,56654,375791,1
1949,353142,440023,1
1950,81565,170954,1
1951,11077,220004,1
1952,221424,339221,1
1953,696,4223,1
1954,4188,79005,1
1955,3885,134288,1
1956,8456,58524,1
1957,5705,342574,1
1958,1478,10342,1
1959,53358,83878,1
1960,25894,84140,1
1961,51078,114569,1
1962,171482,171483,1
1963,23299,170082,1
1964,53340,54763,1
1965,11099,80256,1
1966,7186,140831,1
1967,11140,11281,1
1968,3885,3891,1
1969,2950,386675,1
1970,54971,158572,1
1971,4292,55536,1
1972,9459,80125,1
1973,8317,65986,1
1974,4188,254187,1
1975,7919,84324,1
1976,1984,5626,1
1977,9422,116115,1
1978,6606,11281,1
1979,894,1019,1
1980,4223,118427,1
1981,8463,51442,1
1982,81851,167826,1
1983,117144,448834,1
1984,7678,81851,1
1985,6928,159195,1
1986,83755,353131,1
1987,64098,154881,1
1988,5987,9775,1
1989,10667,220082,1
1990,9240,114793,1
1991,57159,58500,1
1992,51204,84708,1
1993,7159,53347,1
1994,54507,57532,1
1995,9883,79959,1
1996,10363,60468,1
1997,170954,283234,1
1998,4638,57120,1
1999,51608,63904,1
2000,1375,165100,1
2001,56935,85027,1
2002,9363,9491,1
2003,4783,11077,1
2004,6804,85013,1
2005,8440,448834,1
2006,5565,10197,1
2007,60484,337968,1
2008,9111,11147,1
2009,115265,135293,1
2010,54764,57561,1
2011,60529,154865,1
2012,91544,170082,1
2013,5983,5984,1
2014,5892,11077,1
2015,4188,22893,1
2016,5373,6945,1
2017,51776,80108,1
2018,5626,9456,1
2019,1741,6202,1
2020,4356,53339,1
2021,3885,79446,1
2022,8559,125115,1
2023,5626,100526836,1
2024,8270,386681,1
2025,4665,79165,1
2026,10810,64926,1
2027,56159,84312,1
2028,7187,11140,1
2029,54764,57474,1
2030,51224,55216,1
2031,746,29979,1
2032,718,30008,1
2033,9880,23028,1
2034,7704,57159,1
2035,7159,11228,1
2036,6737,25828,1
2037,4163,8559,1
2038,84733,353323,1
2039,55257,81851,1
2040,3880,54535,1
2041,27018,54550,1
2042,29775,83900,1
2043,51100,114569,1
2044,54906,133015,1
2045,51421,56254,1
2046,10320,65265,1
2047,56947,286753,1
2048,8688,57532,1
2049,1776,375791,1
2050,22938,51645,1
2051,26505,386683,1
2052,9802,84872,1
2053,1295,140258,1
2054,4005,339834,1
2055,3881,58986,1
2056,10464,91156,1
2057,6258,7376,1
2058,5966,6821,1
2059,10445,29079,1
2060,8175,8440,1
2061,815,337879,1
2062,5027,5987,1
2063,5829,84661,1
2064,84708,285180,1
2065,11281,253827,1
2066,64926,342574,1
2067,5626,11140,1
2068,5660,9189,1
2069,9063,9189,1
2070,373,6629,1
2071,8862,83897,1
2072,398,5626,1
2073,84619,284001,1
2074,10521,399693,1
2075,26003,91694,1
2076,89,58529,1
2077,3489,440050,1
2078,4163,7559,1
2079,705,22913,1
2080,9841,11281,1
2081,5545,6449,1
2082,162968,375791,1
2083,3886,144501,1
2084,5901,23039,1
2085,2104,5080,1
2086,7415,22888,1
2087,51309,653121,1
2088,199834,388677,1
2089,3198,54507,1
2090,5080,85403,1
2091,8379,55093,1
2092,8313,386682,1
2093,4656,90060,1
2094,166,84662,1
2095,301,80856,1
2096,29979,56144,1
2097,1500,10009,1
2098,2801,84619,1
2099,63908,112755,1
2100,3691,386681,1
2101,85289,448834,1
2102,3801,220082,1
2103,7186,151254,1
2104,166,9146,1
2105,705,10318,1
2106,3886,9099,1
2107,11043,399693,1
2108,6925,150921,1
2109,3187,55544,1
2110,7168,8379,1
2111,9463,54793,1
2112,83878,147687,1
2113,89,440836,1
2114,7718,85294,1
2115,2629,4110,1
2116,54461,386682,1
2117,331,654483,1
2118,6919,116115,1
2119,3881,10417,1
2120,22822,83901,1
2121,6293,84708,1
2122,57511,220004,1
2123,6925,56006,1
2124,5563,64170,1
2125,54971,57473,1
2126,8803,114569,1
2127,29775,399693,1
2128,339324,386675,1
2129,23281,79943,1
2130,54507,353145,1
2131,25959,51225,1
2132,353143,386678,1
2133,54785,54955,1
2134,3803,4223,1
2135,6449,55194,1
2136,84708,283229,1
2137,8434,388324,1
2138,51324,170463,1
2139,9025,23567,1
2140,7780,80332,1
2141,114824,114824,1
2142,23281,55285,1
2143,26575,353134,1
2144,8379,51760,1
2145,11178,84823,1
2146,7780,503497,1
2147,6386,9319,1
2148,3850,8687,1
2149,55048,79444,1
2150,5626,205860,1
2151,353143,353333,1
2152,88,572,1
2153,23281,55758,1
2154,29947,57595,1
2155,27095,51693,1
2156,8503,54906,1
2157,51171,55122,1
2158,83901,353140,1
2159,112399,140893,1
2160,285464,386683,1
2161,23321,117286,1
2162,3846,386682,1
2163,26024,50628,1
2164,8543,51350,1
2165,140691,284086,1
2166,2997,284695,1
2167,5630,5682,1
2168,339366,386682,1
2169,10241,127665,1
2170,10528,27111,1
2171,146894,386682,1
2172,57159,57639,1
2173,23616,57639,1
2174,5987,8559,1
2175,8689,286887,1
2176,6925,54784,1
2177,25959,80321,1
2178,580,64753,1
2179,6386,441519,1
2180,4103,9463,1
2181,56344,388324,1
2182,83640,388324,1
2183,10318,337967,1
2184,4223,286753,1
2185,7634,386683,1
2186,166,4236,1
2187,54776,55272,1
2188,9636,11274,1
2189,9802,27342,1
2190,6599,146664,1
2191,10919,55729,1
2192,7718,55663,1
2193,23503,64753,1
2194,5966,57559,1
2195,56947,388588,1
2196,3851,8689,1
2197,8434,150483,1
2198,9802,84528,1
2199,4223,6363,1
2200,2801,170082,1
2201,6941,8548,1
2202,9129,22981,1
2203,7186,51008,1
2204,10174,114327,1
2205,3232,6602,1
2206,640,10278,1
2207,26984,162427,1
2208,5774,340706,1
2209,1678,10254,1
2210,79797,121536,1
2211,8522,8522,1
2212,4354,23549,1
2213,5886,7186,1
2214,11060,11091,1
2215,3846,8409,1
2216,81851,353135,1
2217,6993,55093,1
2218,51324,91647,1
2219,8452,154881,1
2220,10928,29911,1
2221,6584,337968,1
2222,6631,375791,1
2223,11043,55633,1
2224,5300,220082,1
2225,3850,390792,1
2226,5929,9070,1
2227,55209,123722,1
2228,1962,65986,1
2229,79797,388677,1
2230,83900,353144,1
2231,6273,6285,1
2232,5090,57085,1
2233,152,4188,1
2234,8687,286887,1
2235,7186,9830,1
2236,11077,23493,1
2237,80789,386681,1
2238,11281,199221,1
2239,57639,145282,1
2240,3846,353140,1
2241,64753,84140,1
2242,166,3801,1
2243,51078,116173,1
2244,24144,56915,1
2245,80256,80823,1
2246,3880,3891,1
2247,51776,162239,1
2248,5577,158798,1
2249,2815,3885,1
2250,27132,83637,1
2251,6386,7919,1
2252,58191,100288797,1
2253,80321,127540,1
2254,10332,254827,1
2255,3215,8313,1
2256,375791,401508,1
2257,23126,64778,1
2258,1649,122953,1
2259,65264,79666,1
2260,22806,284001,1
2261,7189,26043,1
2262,11281,64763,1
2263,8976,84708,1
2264,9099,125115,1
2265,10475,23270,1
2266,4899,6668,1
2267,7259,386682,1
2268,5152,386681,1
2269,4004,80709,1
2270,1198,10929,1
2271,55697,57213,1
2272,9649,79959,1
2273,353135,353332,1
2274,5626,245929,1
2275,3329,375791,1
2276,2885,84905,1
2277,6945,11345,1
2278,80321,84312,1
2279,51460,54819,1
2280,6929,117581,1
2281,11100,23368,1
2282,9063,144097,1
2283,6804,6844,1
2284,9457,126070,1
2285,8887,23710,1
2286,3224,81850,1
2287,80125,145483,1
2288,3692,55697,1
2289,353134,653240,1
2290,54973,55697,1
2291,5013,163154,1
2292,7186,60496,1
2293,3187,23543,1
2294,1656,57144,1
2295,896,1020,1
2296,83659,148304,1
2297,3693,386675,1
2298,3860,51324,1
2299,7186,137209,1
2300,4342,83878,1
2301,5932,5934,1
2302,146760,388677,1
2303,3276,10290,1
2304,3886,55663,1
2305,1406,100287428,1
2306,7297,337968,1
2307,786,9218,1
2308,6871,7681,1
2309,7159,7297,1
2310,6642,254122,1
2311,10169,66037,1
2312,4223,51025,1
2313,8517,51020,1
2314,6919,64168,1
2315,27238,84708,1
2316,3885,54910,1
2317,337970,375791,1
2318,4012,246100,1
2319,9454,143884,1
2320,8313,79005,1
2321,7629,123722,1
2322,9355,388882,1
2323,6348,29978,1
2324,11060,26952,1
2325,80321,170082,1
2326,8372,66037,1
2327,7186,84708,1
2328,6310,22986,1
2329,51053,89958,1
2330,8548,90060,1
2331,88,285093,1
2332,10773,84417,0
2333,201255,22905,0
2334,3047,26273,0
2335,7525,10906,0
2336,1671,7319,0
2337,2200,120526,0
2338,9135,80308,0
2339,10868,152189,0
2340,54971,196441,0
2341,6648,343035,0
2342,5696,6731,0
2343,170082,121340,0
2344,10768,51473,0
2345,6810,138639,0
2346,145757,26751,0
2347,404550,161514,0
2348,3560,8904,0
2349,8624,9518,0
2350,78990,80705,0
2351,1874,79760,0
2352,4598,55004,0
2353,80714,390535,0
2354,3691,23762,0
2355,4034,79734,0
2356,10105,392360,0
2357,10419,90332,0
2358,655,89891,0
2359,9026,9741,0
2360,2203,641367,0
2361,4905,9455,0
2362,5176,100287902,0
2363,79171,80184,0
2364,3856,6627,0
2365,8533,10411,0
2366,444,147906,0
2367,4292,83937,0
2368,1415,23199,0
2369,5378,26119,0
2370,10101,346673,0
2371,4144,23005,0
2372,3364,404550,0
2373,9688,220164,0
2374,442028,255631,0
2375,8618,94241,0
2376,4745,23253,0
2377,6310,55663,0
2378,65985,23339,0
2379,51668,29083,0
2380,2886,6804,0
2381,170685,64118,0
2382,116841,84376,0
2383,5409,7531,0
2384,201255,81629,0
2385,599,3397,0
2386,10020,440419,0
2387,55135,196513,0
2388,5349,7586,0
2389,84456,129401,0
2390,5252,337959,0
2391,8654,54751,0
2392,6880,64770,0
2393,3739,55311,0
2394,1295,56005,0
2395,8559,51082,0
2396,1015,100129534,0
2397,100288527,29941,0
2398,1278,54926,0
2399,27,116092,0
2400,337963,57559,0
2401,2004,91624,0
2402,1485,2483,0
2403,51440,57213,0
2404,339231,55954,0
2405,3577,22845,0
2406,95,8639,0
2407,6672,340706,0
2408,2941,51480,0
2409,9333,80184,0
2410,2104,80184,0
2411,284352,27309,0
2412,1400,10172,0
2413,353288,163742,0
2414,10293,54865,0
2415,9088,23557,0
2416,4101,10460,0
2417,80321,29979,0
2418,9394,120526,0
2419,805,10797,0
2420,7307,64224,0
2421,4302,84948,0
2422,375287,23657,0
2423,8803,51364,0
2424,2572,117157,0
2425,750,1187,0
2426,6443,10742,0
2427,79003,386677,0
2428,642938,22978,0
2429,5983,9342,0
2430,5834,129868,0
2431,3397,88455,0
2432,10190,23589,0
2433,5730,6687,0
2434,166614,11346,0
2435,196740,5985,0
2436,10017,51207,0
2437,208,196374,0
2438,335,3298,0
2439,51324,56829,0
2440,51466,286451,0
2441,373156,51071,0
2442,8501,80184,0
2443,5441,79912,0
2444,10439,83417,0
2445,360,401409,0
2446,9922,84988,0
2447,54982,388588,0
2448,7342,10483,0
2449,6303,23244,0
2450,84557,56906,0
2451,11228,57595,0
2452,5079,10579,0
2453,55536,27238,0
2454,3222,23118,0
2455,1434,90874,0
2456,8723,10579,0
2457,54865,56956,0
2458,1410,4920,0
2459,9871,29924,0
2460,116412,53820,0
2461,7013,84272,0
2462,1043,90874,0
2463,414059,27018,0
2464,5511,6721,0
2465,57018,94121,0
2466,57596,160824,0
2467,157638,29925,0
2468,55163,89891,0
2469,4654,257160,0
2470,4808,148413,0
2471,164592,116461,0
2472,10418,162137,0
2473,51074,124411,0
2474,56658,92154,0
2475,5711,129138,0
2476,5318,10494,0
2477,9943,60592,0
2478,1457,255025,0
2479,9500,54205,0
2480,8803,114822,0
2481,3383,56924,0
2482,80306,157638,0
2483,54039,29947,0
2484,3312,6660,0
2485,55110,55211,0
2486,353144,29886,0
2487,5702,51534,0
2488,23219,196074,0
2489,6850,115948,0
2490,11146,57097,0
2491,1678,29124,0
2492,7545,8495,0
2493,200186,5893,0
2494,8022,23569,0
2495,4336,56898,0
2496,842,55017,0
2497,79898,51022,0
2498,2332,10102,0
2499,5154,29946,0
2500,1822,79171,0
2501,1195,199675,0
2502,4481,5921,0
2503,6643,7772,0
2504,57018,27123,0
2505,133022,7456,0
2506,6908,7138,0
2507,5570,55152,0
2508,95,51078,0
2509,5090,9550,0
2510,7157,57498,0
2511,80896,22841,0
2512,131616,5350,0
2513,29119,64112,0
2514,475,126328,0
2515,8742,83899,0
2516,245973,55909,0
2517,3767,57523,0
2518,11235,57130,0
2519,80332,91445,0
2520,6637,220136,0
2521,258,286075,0
2522,663,25839,0
2523,55672,65008,0
2524,1687,93099,0
2525,5383,7203,0
2526,6737,92105,0
2527,387264,27229,0
2528,6102,79894,0
2529,165100,253943,0
2530,5991,56122,0
2531,6048,51083,0
2532,2214,199953,0
2533,1454,84557,0
2534,2670,6275,0
2535,5087,55130,0
2536,4953,6606,0
2537,5878,10215,0
2538,7536,11266,0
2539,9747,129531,0
2540,7791,79173,0
2541,9397,51257,0
2542,4342,23619,0
2543,3881,29109,0
2544,6528,7755,0
2545,337974,81628,0
2546,7633,114041,0
2547,1635,150771,0
2548,750,151194,0
2549,1124,1500,0
2550,5733,5934,0
2551,6658,222256,0
2552,6285,112869,0
2553,218,92840,0
2554,284040,27040,0
2555,8887,9525,0
2556,283849,55007,0
2557,2912,51027,0
2558,55068,55840,0
2559,23143,30848,0
2560,10926,144501,0
2561,5594,23281,0
2562,240,79025,0
2563,9883,55786,0
2564,23233,57459,0
2565,1278,374354,0
2566,9683,94056,0
2567,9319,386618,0
2568,83416,63893,0
2569,4171,5660,0
2570,10459,10494,0
2571,2118,5702,0
2572,84460,54676,0
2573,79154,28992,0
2574,3183,26088,0
2575,7441,29886,0
2576,338382,26138,0
2577,51659,27343,0
2578,5025,83543,0
2579,23192,64220,0
2580,4087,8785,0
2581,7348,84307,0
2582,166614,10262,0
2583,10840,54544,0
2584,134265,114897,0
2585,10342,55722,0
2586,87,1054,0
2587,6431,58504,0
2588,10295,353333,0
2589,137196,7545,0
2590,780,200081,0
2591,10273,57035,0
2592,1482,27005,0
2593,151354,55388,0
2594,2773,23243,0
2595,8540,83752,0
2596,2051,23118,0
2597,5530,6363,0
2598,6442,8078,0
2599,165055,7728,0
2600,79833,51668,0
2601,7318,51100,0
2602,9702,9792,0
2603,25927,29925,0
2604,10241,51533,0
2605,9025,148103,0
2606,8575,83733,0
2607,3329,22809,0
2608,7675,83714,0
2609,1287,5932,0
2610,1435,143098,0
2611,9368,55503,0
2612,761,9830,0
2613,839,202459,0
2614,23633,64129,0
2615,9702,51056,0
2616,51025,57088,0
2617,10840,55611,0
2618,54739,57215,0
2619,51032,154386,0
2620,146894,94056,0
2621,2355,3846,0
2622,51379,196374,0
2623,6926,147007,0
2624,9100,84905,0
2625,11099,64744,0
2626,353116,64781,0
2627,83755,65009,0
2628,158809,29116,0
2629,60490,64375,0
2630,9674,10856,0
2631,7536,51693,0
2632,3183,143098,0
2633,7388,440419,0
2634,11346,84557,0
2635,22897,23170,0
2636,685,10773,0
2637,2339,51330,0
2638,50628,84850,0
2639,6427,60468,0
2640,25788,388135,0
2641,4835,84313,0
2642,51705,126272,0
2643,84307,84656,0
2644,572,80342,0
2645,728276,151195,0
2646,7542,80764,0
2647,84267,125997,0
2648,1615,4440,0
2649,1944,338761,0
2650,11282,353134,0
2651,286887,25851,0
2652,22845,90362,0
2653,51013,58191,0
2654,401152,54438,0
2655,134553,8270,0
2656,8607,51265,0
2657,338657,80125,0
2658,885,348487,0
2659,7325,9422,0
2660,1163,7128,0
2661,1364,6017,0
2662,4678,153743,0
2663,7507,114928,0
2664,401152,9649,0
2665,80757,51134,0
2666,4645,55322,0
2667,54532,91404,0
2668,203562,10042,0
2669,147179,27159,0
2670,78986,55505,0
2671,6230,151121,0
2672,1915,8976,0
2673,54902,57561,0
2674,3608,11034,0
2675,23326,27238,0
2676,8019,8629,0
2677,2622,5584,0
2678,5892,79095,0
2679,3788,9807,0
2680,84996,126328,0
2681,5264,10226,0
2682,146664,84688,0
2683,168374,55721,0
2684,137492,8545,0
2685,79768,64098,0
2686,65982,8945,0
2687,4893,23495,0
2688,4591,11052,0
2689,3927,10430,0
2690,945,5879,0
2691,8500,11126,0
2692,4355,27324,0
2693,10581,84883,0
2694,79171,22794,0
2695,202559,10241,0
2696,5350,8737,0
2697,50863,56243,0
2698,9729,57147,0
2699,7120,25940,0
2700,2100,5685,0
2701,842,6418,0
2702,4869,55357,0
2703,5313,51409,0
2704,5929,84878,0
2705,939,6146,0
2706,900,54734,0
2707,50855,25925,0
2708,51616,54108,0
2709,9319,81853,0
2710,8440,130132,0
2711,115827,84948,0
2712,9028,116225,0
2713,5511,85474,0
2714,54870,64598,0
2715,55374,55698,0
2716,374877,23137,0
2717,115950,84536,0
2718,200081,7770,0
2719,8403,84890,0
2720,3861,401152,0
2721,5754,10236,0
2722,6168,11092,0
2723,432,53347,0
2724,3543,5476,0
2725,9545,284365,0
2726,580,10094,0
2727,11282,54510,0
2728,79098,59339,0
2729,203523,51160,0
2730,11063,65095,0
2731,7620,56477,0
2732,79754,644096,0
2733,4163,22885,0
2734,114041,319101,0
2735,55022,22797,0
2736,2886,55957,0
2737,5635,112487,0
2738,409,286514,0
2739,9863,25862,0
2740,221060,126003,0
2741,197342,51193,0
2742,2207,170680,0
2743,10451,387119,0
2744,5159,27065,0
2745,1944,7511,0
2746,54458,25804,0
2747,1435,10840,0
2748,84693,283011,0
2749,79869,29081,0
2750,8624,339231,0
2751,5130,5467,0
2752,80757,54925,0
2753,10250,11213,0
2754,862,153733,0
2755,580,83786,0
2756,11336,60490,0
2757,115265,30014,0
2758,2010,3615,0
2759,6102,8490,0
2760,113179,64130,0
2761,4801,114928,0
2762,579,26097,0
2763,10254,57212,0
2764,6723,7020,0
2765,3161,5187,0
2766,9001,25861,0
2767,3885,79090,0
2768,939,83992,0
2769,8651,8737,0
2770,1043,3662,0
2771,100506584,9672,0
2772,10891,147906,0
2773,2593,8539,0
2774,10232,161742,0
2775,2969,10138,0
2776,662,100129534,0
2777,9605,65265,0
2778,80125,126526,0
2779,134145,22919,0
2780,9569,51016,0
2781,51506,55262,0
2782,706,112399,0
2783,5350,80022,0
2784,139324,11161,0
2785,645922,91734,0
2786,4283,401296,0
2787,4155,58530,0
2788,9399,25876,0
2789,340359,50626,0
2790,5875,6615,0
2791,4143,8715,0
2792,202299,8840,0
2793,4600,6322,0
2794,51291,91289,0
2795,6700,728712,0
2796,170394,27258,0
2797,401152,83543,0
2798,53822,26234,0
2799,5500,7110,0
2800,439,348158,0
2801,51267,57621,0
2802,79792,51363,0
2803,54762,285093,0
2804,26135,64393,0
2805,3306,10174,0
2806,5879,23613,0
2807,1838,84812,0
2808,51364,283165,0
2809,8688,284402,0
2810,150864,256369,0
2811,729862,22806,0
2812,167838,168417,0
2813,51008,25937,0
2814,10254,121599,0
2815,6601,337966,0
2816,8812,65265,0
2817,10451,55582,0
2818,2686,5332,0
2819,1375,23568,0
2820,6525,140836,0
2821,3299,10204,0
2822,340706,100127888,0
2823,4336,4998,0
2824,95,116285,0
2825,4905,284257,0
2826,7295,83755,0
2827,3796,50628,0
2828,10072,27306,0
2829,10971,89885,0
2830,51042,64333,0
2831,8456,80746,0
2832,382,23542,0
2833,8618,51466,0
2834,285782,326343,0
2835,2257,23619,0
2836,861,55194,0
2837,4802,81792,0
2838,10513,23495,0
2839,51043,120379,0
2840,6470,54819,0
2841,3603,388695,0
2842,839,7124,0
2843,10434,285613,0
2844,84838,22796,0
2845,4308,7633,0
2846,4715,5542,0
2847,1506,84330,0
2848,2303,139562,0
2849,10006,85474,0
2850,548593,58509,0
2851,4706,79960,0
2852,4731,84072,0
2853,401431,386678,0
2854,10902,11059,0
2855,1838,100287428,0
2856,53822,22897,0
2857,10042,10102,0
2858,83786,57693,0
2859,5569,246175,0
2860,4920,80179,0
2861,8607,9659,0
2862,3192,127687,0
2863,5911,257160,0
2864,1180,57127,0
2865,199692,79723,0
2866,198437,57698,0
2867,9020,81629,0
2868,1470,9729,0
2869,3190,10561,0
2870,494514,168374,0
2871,6675,7411,0
2872,825,6005,0
2873,4087,51117,0
2874,10243,27247,0
2875,83416,26097,0
2876,9028,56929,0
2877,5525,64689,0
2878,1409,201965,0
2879,53349,283237,0
2880,51375,220064,0
2881,3836,9518,0
2882,375791,26034,0
2883,8678,80258,0
2884,84669,65095,0
2885,7069,23636,0
2886,1311,4357,0
2887,3054,56924,0
2888,6671,27018,0
2889,7170,10494,0
2890,10574,57461,0
2891,994,10894,0
2892,1337,6687,0
2893,11213,79024,0
2894,51213,27314,0
2895,89953,653689,0
2896,6941,152940,0
2897,3399,29081,0
2898,4818,5371,0
2899,119391,163782,0
2900,440050,83638,0
2901,337960,284418,0
2902,100532737,6843,0
2903,112714,26071,0
2904,3169,257236,0
2905,1381,202299,0
2906,5867,55196,0
2907,2214,6737,0
2908,4283,5908,0
2909,81790,150677,0
2910,4355,64426,0
2911,11199,80345,0
2912,7318,389524,0
2913,729238,285753,0
2914,26147,163227,0
2915,4846,22924,0
2916,4602,25999,0
2917,57050,26022,0
2918,55269,26952,0
2919,2192,79804,0
2920,1489,2997,0
2921,10785,253461,0
2922,8543,80316,0
2923,3707,729515,0
2924,8945,10856,0
2925,4194,10478,0
2926,7165,50628,0
2927,1038,339834,0
2928,147947,55763,0
2929,4207,254778,0
2930,1045,5551,0
2931,1609,27236,0
2932,81492,92906,0
2933,51705,348158,0
2934,4929,54502,0
2935,285025,28978,0
2936,116236,84296,0
2937,1993,4356,0
2938,50650,65263,0
2939,25876,157773,0
2940,3054,25830,0
2941,51291,124411,0
2942,392,54926,0
2943,3652,23495,0
2944,401994,10690,0
2945,894,7490,0
2946,1164,339390,0
2947,729515,222662,0
2948,23283,57085,0
2949,492303,10042,0
2950,10422,30014,0
2951,5129,91133,0
2952,1506,10585,0
2953,1933,3885,0
2954,84520,84959,0
2955,25911,26012,0
2956,79081,79092,0
2957,51655,84691,0
2958,51497,128209,0
2959,4199,51317,0
2960,4598,203523,0
2961,6613,11142,0
2962,3759,57713,0
2963,9922,58157,0
2964,2202,114908,0
2965,6452,51016,0
2966,9958,54982,0
2967,2981,11144,0
2968,723961,8115,0
2969,4005,9811,0
2970,1855,9238,0
2971,51504,56929,0
2972,1066,57130,0
2973,5901,254428,0
2974,55527,89944,0
2975,57673,126375,0
2976,10133,94039,0
2977,441212,85317,0
2978,660,51562,0
2979,1311,150572,0
2980,169841,56890,0
2981,4056,9694,0
2982,8778,9123,0
2983,4734,113655,0
2984,136895,6310,0
2985,23594,158399,0
2986,51534,221302,0
2987,4253,254778,0
2988,144165,159195,0
2989,4747,5929,0
2990,56984,158067,0
2991,54754,58478,0
2992,347,22919,0
2993,2487,92822,0
2994,6273,23421,0
2995,699,140836,0
2996,5814,84457,0
2997,10934,60529,0
2998,54981,25824,0
2999,3347,5607,0
3000,2118,60506,0
3001,221955,64422,0
3002,372,9609,0
3003,988,83734,0
3004,112942,25816,0
3005,116179,284040,0
3006,11235,23608,0
3007,337974,340419,0
3008,8715,64663,0
3009,1406,2551,0
3010,7746,8260,0
3011,6648,9589,0
3012,222643,60491,0
3013,3104,55722,0
3014,8621,29959,0
3015,81617,55238,0
3016,7762,55859,0
3017,9679,10226,0
3018,9587,83895,0
3019,1937,10762,0
3020,605,159119,0
3021,80777,196074,0
3022,9465,54510,0
3023,7166,10526,0
3024,2491,11077,0
3025,6280,6792,0
3026,6821,220082,0
3027,8575,140459,0
3028,9456,79656,0
3029,83900,51480,0
3030,50836,388512,0
3031,3881,387264,0
3032,8313,51134,0
3033,5129,125997,0
3034,2256,51309,0
3035,133746,9525,0
3036,9550,50863,0
3037,6721,8030,0
3038,5914,51147,0
3039,11235,50619,0
3040,3888,6171,0
3041,116328,159989,0
3042,283899,25766,0
3043,27232,64110,0
3044,79733,57473,0
3045,147872,55257,0
3046,5449,5935,0
3047,1308,4998,0
3048,5780,23170,0
3049,973,2004,0
3050,6363,389834,0
3051,442229,126119,0
3052,7518,23493,0
3053,8541,54910,0
3054,132158,143684,0
3055,55108,55915,0
3056,340706,79003,0
3057,339324,145757,0
3058,55007,57567,0
3059,54539,220929,0
3060,900,414301,0
3061,79177,56935,0
3062,3670,81631,0
3063,3140,10992,0
3064,403313,80777,0
3065,8704,50848,0
3066,863,8187,0
3067,10425,222255,0
3068,81566,57144,0
3069,1164,5706,0
3070,2145,548593,0
3071,5127,8463,0
3072,79922,64102,0
3073,9744,55629,0
3074,5610,91544,0
3075,114336,51251,0
3076,3488,23299,0
3077,51765,93323,0
3078,1195,83605,0
3079,83759,387267,0
3080,6440,11274,0
3081,3049,246329,0
3082,5303,55672,0
3083,3298,10597,0
3084,150483,152189,0
3085,79754,124923,0
3086,11267,51188,0
3087,10581,90589,0
3088,486,23194,0
3089,84527,56180,0
3090,152098,387266,0
3091,4171,11260,0
3092,6138,9570,0
3093,4354,53340,0
3094,7251,56157,0
3095,80007,55857,0
3096,8847,121642,0
3097,81853,150864,0
3098,9146,79882,0
3099,139324,196403,0
3100,7318,26034,0
3101,1485,388951,0
3102,9230,11330,0
3103,140890,54496,0
3104,266697,90313,0
3105,440563,54754,0
3106,10998,51504,0
3107,3169,284680,0
3108,6925,8794,0
3109,7314,54765,0
3110,5691,6880,0
3111,6928,10363,0
3112,4670,9129,0
3113,57402,29117,0
3114,8601,55888,0
3115,7697,9020,0
3116,399947,56924,0
3117,53918,91369,0
3118,6928,79165,0
3119,4283,6925,0
3120,6723,10538,0
3121,4357,26578,0
3122,7518,57130,0
3123,3337,3737,0
3124,10193,50650,0
3125,5372,57713,0
3126,8823,27156,0
3127,80313,386674,0
3128,8880,50945,0
3129,100287902,54793,0
3130,144165,26333,0
3131,51022,54796,0
3132,8317,158399,0
3133,9636,337879,0
3134,9238,64108,0
3135,10213,10741,0
3136,5798,145946,0
3137,972,26012,0
3138,81569,344387,0
3139,10039,285613,0
3140,5524,9021,0
3141,4654,123803,0
3142,51390,27063,0
3143,149473,54790,0
3144,116236,55337,0
3145,2940,64781,0
3146,11330,51497,0
3147,1045,23149,0
3148,51545,27129,0
3149,136332,121457,0
3150,131616,256364,0
3151,5537,51082,0
3152,80317,25764,0
3153,3312,91582,0
3154,132660,11252,0
3155,169166,26071,0
3156,5058,26063,0
3157,6643,91582,0
3158,1277,9344,0
3159,338785,85359,0
3160,55031,55611,0
3161,1944,171017,0
3162,3662,285180,0
3163,51214,57536,0
3164,360,54915,0
3165,133015,10434,0
3166,321,8100,0
3167,1915,5916,0
3168,2342,10443,0
3169,54939,222256,0
3170,10934,286128,0
3171,5475,9798,0
3172,8740,9060,0
3173,8831,339366,0
3174,757,10656,0
3175,6100,79589,0
3176,402176,127829,0
3177,83461,27165,0
3178,170685,29763,0
3179,6860,55049,0
3180,5313,54206,0
3181,2791,11340,0
3182,10597,10687,0
3183,84265,284194,0
3184,9404,51444,0
3185,284001,55132,0
3186,2323,54531,0
3187,84707,23315,0
3188,116835,654346,0
3189,60,91289,0
3190,975,283234,0
3191,51700,84958,0
3192,2328,8847,0
3193,3208,51043,0
3194,9779,10904,0
3195,11332,147700,0
3196,10016,10902,0
3197,114960,54763,0
3198,204851,84260,0
3199,5604,57127,0
3200,10934,79608,0
3201,4481,51567,0
3202,57664,64599,0
3203,10363,50804,0
3204,11077,51160,0
3205,1409,79090,0
3206,6005,6844,0
3207,30,3763,0
3208,4437,5916,0
3209,266812,84465,0
3210,80263,83851,0
3211,440836,51561,0
3212,84310,84661,0
3213,5721,57335,0
3214,145757,283455,0
3215,8557,28951,0
3216,81606,57338,0
3217,7274,163154,0
3218,862,83463,0
3219,8115,440295,0
3220,3892,11273,0
3221,100532737,1915,0
3222,10318,57110,0
3223,151195,286262,0
3224,6663,57659,0
3225,2275,196477,0
3226,58498,64800,0
3227,8428,23557,0
3228,8717,54797,0
3229,8309,10247,0
3230,3849,23384,0
3231,27284,64689,0
3232,79098,23059,0
3233,5276,56904,0
3234,4097,154313,0
3235,5313,158866,0
3236,2137,10213,0
3237,7029,121536,0
3238,1857,9925,0
3239,9112,252884,0
3240,6166,8341,0
3241,5110,10536,0
3242,6928,84271,0
3243,81492,51367,0
3244,7481,348158,0
3245,7388,27159,0
3246,5318,140876,0
3247,7203,129138,0
3248,2014,92736,0
3249,1350,26353,0
3250,8976,10891,0
3251,8996,126393,0
3252,6643,100127888,0
3253,9841,9907,0
3254,728276,51013,0
3255,6890,163050,0
3256,494514,5798,0
3257,440699,83741,0
3258,26873,63971,0
3259,8928,144363,0
3260,2670,348303,0
3261,10133,30820,0
3262,84456,55022,0
3263,3742,79745,0
3264,200634,63948,0
3265,10919,285381,0
3266,1026,162681,0
3267,6498,7342,0
3268,54539,130026,0
3269,8019,221393,0
3270,1144,114960,0
3271,7483,10623,0
3272,4602,149420,0
3273,10934,348801,0
3274,55582,25828,0
3275,337,5439,0
3276,493829,4205,0
3277,1207,114960,0
3278,152503,153572,0
3279,9759,54715,0
3280,9971,10785,0
3281,7322,55030,0
3282,414157,22806,0
3283,6925,8698,0
3284,1198,8065,0
3285,1315,170591,0
3286,201516,79092,0
3287,84256,613212,0
3288,5318,50619,0
3289,84941,124411,0
3290,402176,112399,0
3291,147007,57563,0
3292,3232,10762,0
3293,51300,84837,0
3294,51647,283685,0
3295,9328,56852,0
3296,10791,79098,0
3297,2255,7289,0
3298,815,5610,0
3299,6812,10152,0
3300,7311,55080,0
3301,10318,84656,0
3302,7004,25901,0
3303,23313,123688,0
3304,6275,221424,0
3305,493829,7013,0
3306,84282,25830,0
3307,7134,9858,0
3308,6871,7165,0
3309,57567,653240,0
3310,51316,23194,0
3311,51389,91544,0
3312,835,861,0
3313,3840,54749,0
3314,2886,55211,0
3315,5476,26579,0
3316,4236,80237,0
3317,8354,55909,0
3318,10540,158787,0
3319,33,28796,0
3320,4999,10287,0
3321,81555,153743,0
3322,9179,51363,0
3323,7727,9513,0
3324,55130,285367,0
3325,2018,5575,0
3326,5798,26024,0
3327,956,11272,0
3328,664,79139,0
3329,84439,284402,0
3330,4920,391723,0
3331,11278,440603,0
3332,83851,51135,0
3333,10636,94122,0
3334,3840,158067,0
3335,100532737,4637,0
3336,55105,161253,0
3337,440021,245973,0
3338,9039,54819,0
3339,1026,112616,0
3340,56902,386682,0
3341,121268,64648,0
3342,9308,26088,0
3343,9863,388389,0
3344,152078,284391,0
3345,140462,10541,0
3346,23201,29105,0
3347,9609,57161,0
3348,1144,6117,0
3349,8370,414318,0
3350,125115,63948,0
3351,7371,51329,0
3352,134288,3306,0
3353,55216,55505,0
3354,23549,388403,0
3355,56475,64395,0
3356,8502,81555,0
3357,284309,27287,0
3358,493911,201516,0
3359,93343,159989,0
3360,27132,64708,0
3361,10016,344387,0
3362,11116,56984,0
3363,55105,26505,0
3364,7120,222546,0
3365,2014,144501,0
3366,247,9741,0
3367,84936,157574,0
3368,3614,57182,0
3369,121268,57673,0
3370,339231,79943,0
3371,3589,84203,0
3372,7531,7979,0
3373,5295,51101,0
3374,2940,58500,0
3375,10054,222255,0
3376,9021,114771,0
3377,3298,55668,0
3378,8309,23154,0
3379,945,55266,0
3380,8880,55646,0
3381,6541,7033,0
3382,6320,64782,0
3383,81786,124961,0
3384,56158,29094,0
3385,84950,55110,0
3386,3613,128977,0
3387,4952,8737,0
3388,4879,81565,0
3389,4784,91624,0
3390,83446,27005,0
3391,8409,54715,0
3392,5626,10136,0
3393,605,22903,0
3394,6619,27131,0
3395,402682,10247,0
3396,80790,55198,0
3397,56963,60626,0
3398,2653,23589,0
3399,5566,125170,0
3400,5565,10767,0
3401,329,644096,0
3402,7638,79953,0
3403,88,79025,0
3404,2298,2782,0
3405,6429,144110,0
3406,9314,79745,0
3407,6273,51631,0
3408,3329,8541,0
3409,347240,22897,0
3410,3868,64782,0
3411,9681,114038,0
3412,480,121504,0
3413,5256,90799,0
3414,729515,10781,0
3415,2049,541468,0
3416,900,145483,0
3417,84935,23062,0
3418,121391,93643,0
3419,6650,51071,0
3420,7310,348174,0
3421,5203,23566,0
3422,133746,6846,0
3423,598,27018,0
3424,114569,148266,0
3425,344892,84890,0
3426,638,54332,0
3427,1845,414325,0
3428,5693,129531,0
3429,51148,26468,0
3430,4824,9025,0
3431,152098,55668,0
3432,6801,196051,0
3433,10286,29127,0
3434,113675,22934,0
3435,6898,388695,0
3436,1337,136332,0
3437,85025,25839,0
3438,284309,57631,0
3439,431705,11083,0
3440,85397,55702,0
3441,140462,55502,0
3442,10856,641367,0
3443,5612,23774,0
3444,801,56704,0
3445,1756,9459,0
3446,6310,8834,0
3447,9550,9674,0
3448,51765,155465,0
3449,11082,51690,0
3450,54784,22888,0
3451,6560,10614,0
3452,6280,57139,0
3453,329,386681,0
3454,56998,57449,0
3455,23212,23426,0
3456,79983,64598,0
3457,8813,285148,0
3458,10879,80195,0
3459,10897,157567,0
3460,63915,196051,0
3461,171017,55922,0
3462,85395,57088,0
3463,401508,55340,0
3464,6670,80821,0
3465,164,313,0
3466,2207,55749,0
3467,1937,9314,0
3468,7681,84072,0
3469,151393,153020,0
3470,3884,6672,0
3471,4678,90390,0
3472,3140,116285,0
3473,164237,10196,0
3474,117286,54067,0
3475,266812,5836,0
3476,10445,55509,0
3477,54532,56344,0
3478,2981,3846,0
3479,6730,60490,0
3480,5753,64168,0
3481,1175,11336,0
3482,1175,55336,0
3483,7311,10332,0
3484,132625,8904,0
3485,54602,94121,0
3486,4616,5427,0
3487,84873,22889,0
3488,6017,85407,0
3489,95,8241,0
3490,3856,23119,0
3491,4850,6839,0
3492,11126,25906,0
3493,4355,403313,0
3494,6009,91133,0
3495,3797,56963,0
3496,2243,9519,0
3497,3303,29970,0
3498,9784,22887,0
3499,80129,29886,0
3500,2137,83795,0
3501,5829,9750,0
3502,66036,23495,0
3503,7157,27153,0
3504,135892,55810,0
3505,1993,4194,0
3506,79669,117289,0
3507,8031,64793,0
3508,6584,7187,0
3509,1491,7711,0
3510,8985,23136,0
3511,653166,64689,0
3512,201562,163227,0
3513,2885,158427,0
3514,80863,64841,0
3515,9482,10146,0
3516,6273,53347,0
3517,84912,23468,0
3518,83452,221718,0
3519,147872,57673,0
3520,6897,9014,0
3521,57542,25945,0
3522,123283,94121,0
3523,79981,64641,0
3524,6097,26153,0
3525,51274,118738,0
3526,7314,56269,0
3527,9702,10801,0
3528,146540,123169,0
3529,10528,80237,0
3530,4951,51652,0
3531,114770,23012,0
3532,57456,58495,0
3533,8575,80350,0
3534,768,57595,0
3535,51466,162681,0
3536,492303,9782,0
3537,22885,23177,0
3538,387266,64651,0
3539,4005,51265,0
3540,80700,54776,0
3541,5721,127687,0
3542,4253,126133,0
3543,5901,8711,0
3544,5617,51778,0
3545,381,5256,0
3546,9112,284338,0
3547,202299,83707,0
3548,25816,26468,0
3549,114803,55041,0
3550,6812,55222,0
3551,8737,114803,0
3552,51701,128439,0
3553,4899,26231,0
3554,9939,64426,0
3555,84313,285672,0
3556,3298,9649,0
3557,3939,78986,0
3558,480,5372,0
3559,51364,285237,0
3560,57176,91653,0
3561,1066,100131997,0
3562,1527,80263,0
3563,7403,64786,0
3564,10623,90362,0
3565,7323,23592,0
3566,6781,55964,0
3567,51013,51291,0
3568,80230,54058,0
3569,114327,51160,0
3570,65985,57513,0
3571,51016,22796,0
3572,114898,84285,0
3573,8985,221527,0
3574,5817,116840,0
3575,6233,51142,0
3576,56616,122786,0
3577,5605,5631,0
3578,140885,29116,0
3579,8348,80022,0
3580,9456,56616,0
3581,4600,222894,0
3582,2101,4835,0
3583,3219,54790,0
3584,84693,55668,0
3585,1485,3836,0
3586,973,399761,0
3587,148304,27236,0
3588,288,22873,0
3589,9028,54206,0
3590,6184,79607,0
3591,6925,284365,0
3592,319101,64857,0
3593,9805,222643,0
3594,4355,54808,0
3595,1466,8996,0
3596,25940,162681,0
3597,10430,79036,0
3598,170062,10179,0
3599,22889,256126,0
3600,779,10634,0
3601,8740,9111,0
3602,1748,23204,0
3603,8490,55329,0
3604,2832,27156,0
3605,55191,23658,0
3606,90864,58495,0
3607,6632,64105,0
3608,79882,25847,0
3609,132321,342574,0
3610,4619,55796,0
3611,10640,79446,0
3612,80726,85007,0
3613,25885,60484,0
3614,55502,286887,0
3615,6233,64094,0
3616,6839,55176,0
3617,11321,442523,0
3618,204851,9342,0
3619,65985,113174,0
3620,1144,26525,0
3621,6231,116349,0
3622,9123,130355,0
3623,124149,29925,0
3624,170062,117248,0
3625,7073,125997,0
3626,10430,353332,0
3627,5058,54765,0
3628,260436,391723,0
3629,2782,55954,0
3630,5689,58524,0
3631,5693,29941,0
3632,84929,55693,0
3633,5257,151393,0
3634,55663,55806,0
3635,9349,378951,0
3636,1635,9093,0
3637,8462,57212,0
3638,8301,51296,0
3639,83862,121457,0
3640,6406,63027,0
3641,79778,84811,0
3642,8678,84217,0
3643,240,387,0
3644,165324,115207,0
3645,131566,9139,0
3646,5300,9459,0
3647,60,3767,0
3648,84951,57159,0
3649,4059,51690,0
3650,9094,26073,0
3651,572,387923,0
3652,414301,23648,0
3653,7727,114770,0
3654,378708,54981,0
3655,5912,8424,0
3656,283635,58524,0
3657,9063,26751,0
3658,9404,162517,0
3659,145483,51562,0
3660,147945,389812,0
3661,689,4893,0
3662,262,199745,0
3663,3225,5610,0
3664,7388,139596,0
3665,5147,56890,0
3666,80762,387032,0
3667,1018,10574,0
3668,5911,8513,0
3669,7709,9399,0
3670,145483,112942,0
3671,6048,84619,0
3672,83899,51324,0
3673,5257,7389,0
3674,440699,283150,0
3675,112483,114928,0
3676,9519,56159,0
3677,57185,64375,0
3678,10107,54951,0
3679,4899,10302,0
3680,3047,79728,0
3681,85289,29928,0
3682,7403,284083,0
3683,402682,29083,0
3684,199223,348158,0
3685,6642,85376,0
3686,6632,79669,0
3687,7102,10286,0
3688,402135,252884,0
3689,5129,23016,0
3690,79148,92840,0
3691,1287,343035,0
3692,51083,56904,0
3693,337960,56475,0
3694,7051,254187,0
3695,8495,80757,0
3696,5569,79744,0
3697,9255,84065,0
3698,6627,84277,0
3699,7247,84688,0
3700,6612,60592,0
3701,4656,203111,0
3702,4034,10750,0
3703,79618,79962,0
3704,4521,287015,0
3705,7321,122183,0
3706,1482,124404,0
3707,339983,50628,0
3708,997,11273,0
3709,7988,11007,0
3710,284252,196541,0
3711,729515,64708,0
3712,8629,84259,0
3713,84217,57146,0
3714,9744,339983,0
3715,6202,10425,0
3716,4615,138428,0
3717,283849,26127,0
3718,133015,27095,0
3719,3308,7360,0
3720,84901,326343,0
3721,2824,55333,0
3722,3895,90427,0
3723,4543,128488,0
3724,440093,56673,0
3725,5125,115265,0
3726,7551,158506,0
3727,8975,64689,0
3728,55796,23506,0
3729,2949,9847,0
3730,8864,10127,0
3731,65981,136895,0
3732,9659,55859,0
3733,202243,255631,0
3734,10773,112802,0
3735,7565,26953,0
3736,84074,23548,0
3737,5210,8576,0
3738,2342,440321,0
3739,150094,26024,0
3740,23550,257629,0
3741,170463,6919,0
3742,8412,159686,0
3743,7376,51193,0
3744,6731,9468,0
3745,431705,116179,0
3746,5528,5700,0
3747,5144,126868,0
3748,6525,83746,0
3749,340527,79173,0
3750,79090,29116,0
3751,1781,5834,0
3752,22928,22996,0
3753,7168,144501,0
3754,199221,57018,0
3755,90522,388633,0
3756,56474,29890,0
3757,2192,245973,0
3758,7773,55713,0
3759,84668,654483,0
3760,5015,340277,0
3761,7993,55249,0
3762,409,10175,0
3763,7310,83903,0
3764,1967,7704,0
3765,28956,131034,0
3766,8767,55200,0
3767,10425,56655,0
3768,1020,7780,0
3769,4097,222696,0
3770,131566,5940,0
3771,6658,57050,0
3772,83851,57035,0
3773,10293,27129,0
3774,3303,54906,0
3775,7342,84446,0
3776,4645,8513,0
3777,5893,7690,0
3778,3488,58513,0
3779,8204,126402,0
3780,5129,65117,0
3781,5706,10539,0
3782,1478,117178,0
3783,4591,6911,0
3784,55195,645455,0
3785,7466,115704,0
3786,7321,85313,0
3787,11228,221416,0
3788,3887,80221,0
3789,1810,80323,0
3790,819,6606,0
3791,26009,30835,0
3792,4899,51315,0
3793,9784,55616,0
3794,10894,65264,0
3795,9373,80129,0
3796,112574,252983,0
3797,100532737,27246,0
3798,1609,377677,0
3799,440603,284086,0
3800,81932,90993,0
3801,7104,341567,0
3802,7525,80313,0
3803,1621,55164,0
3804,11346,348110,0
3805,91445,128209,0
3806,4600,8309,0
3807,468,8562,0
3808,79077,54964,0
3809,170082,158866,0
3810,199221,9851,0
3811,6442,10919,0
3812,51157,23548,0
3813,2815,92070,0
3814,288,55262,0
3815,55616,26231,0
3816,1455,8479,0
3817,6922,246176,0
3818,7913,83659,0
3819,1665,10687,0
3820,6002,145282,0
3821,10615,162427,0
3822,154386,126695,0
3823,440023,53335,0
3824,337974,10742,0
3825,2653,115207,0
3826,3337,5349,0
3827,257101,28793,0
3828,10773,116173,0
3829,2887,11187,0
3830,199675,124220,0
3831,4355,5350,0
3832,7030,85285,0
3833,169026,55696,0
3834,51157,129303,0
3835,347,90637,0
3836,3537,51072,0
3837,55030,63826,0
3838,3140,51646,0
3839,245972,25888,0
3840,84690,55329,0
3841,286499,387990,0
3842,7158,56241,0
3843,23593,157567,0
3844,6634,8767,0
3845,80308,348093,0
3846,9051,29775,0
3847,9079,51090,0
3848,146705,51545,0
3849,221,443,0
3850,8778,84816,0
3851,3223,79024,0
3852,80345,51141,0
3853,6431,8576,0
3854,51390,91694,0
3855,3937,153222,0
3856,118663,55672,0
3857,54585,63898,0
3858,7709,57567,0
3859,55015,23242,0
3860,6440,63940,0
3861,140710,60484,0
3862,6663,79446,0
3863,696,128408,0
3864,51409,92667,0
3865,51315,57213,0
3866,11269,64105,0
3867,1434,5704,0
3868,1748,8372,0
3869,7634,8214,0
3870,10069,83734,0
3871,1456,84296,0
3872,7004,80212,0
3873,5914,8840,0
3874,5631,84106,0
3875,11034,51668,0
3876,10342,284069,0
3877,9247,30820,0
3878,10574,26263,0
3879,3177,283385,0
3880,9457,9851,0
3881,84914,257144,0
3882,57616,92703,0
3883,81492,114823,0
3884,5890,63978,0
3885,1979,91750,0
3886,6285,100127888,0
3887,4939,728175,0
3888,6455,7027,0
3889,5407,149111,0
3890,343521,149708,0
3891,6730,283011,0
3892,51329,54033,0
3893,5977,57489,0
3894,1967,55827,0
3895,8890,56180,0
3896,149111,84690,0
3897,78996,280664,0
3898,230,10643,0
3899,3081,285755,0
3900,8301,10494,0
3901,399947,64689,0
3902,4103,55209,0
3903,1045,4163,0
3904,132321,25895,0
3905,6671,51020,0
3906,3192,7919,0
3907,8667,27185,0
3908,6898,145773,0
3909,5887,54734,0
3910,729862,80778,0
3911,689,5984,0
3912,51582,64786,0
3913,2762,5256,0
3914,374308,27158,0
3915,8578,119391,0
3916,6919,79008,0
3917,84256,353133,0
3918,1589,55334,0
3919,5507,60561,0
3920,83746,192683,0
3921,139596,84266,0
3922,406,10207,0
3923,3198,64285,0
3924,3306,3885,0
3925,353,1102,0
3926,59274,28796,0
3927,170626,84448,0
3928,6102,54815,0
3929,9322,10982,0
3930,23174,58499,0
3931,84167,65008,0
3932,4284,22873,0
3933,138311,23022,0
3934,83698,63027,0
3935,147179,158572,0
3936,80199,114991,0
3937,283011,54926,0
3938,84779,27095,0
3939,79696,51406,0
3940,6898,401431,0
3941,644096,90957,0
3942,5493,387923,0
3943,1046,80279,0
3944,9863,26258,0
3945,7284,51442,0
3946,398,22938,0
3947,56144,64220,0
3948,7348,57110,0
3949,132789,84458,0
3950,10424,94122,0
3951,221302,92999,0
3952,212,6100,0
3953,7565,386678,0
3954,5161,79444,0
3955,10926,55233,0
3956,375567,55346,0
3957,1164,23386,0
3958,84311,29882,0
3959,1791,374407,0
3960,167153,9898,0
3961,55388,27236,0
3962,6642,389383,0
3963,5570,57192,0
3964,6642,23089,0
3965,152404,644945,0
3966,4300,353238,0
3967,115950,26061,0
3968,3852,6426,0
3969,22888,92129,0
3970,10465,80210,0
3971,1159,10318,0
3972,84667,93145,0
3973,963,84883,0
3974,10411,91445,0
3975,83714,29083,0
3976,642,11266,0
3977,4155,57542,0
3978,7408,8409,0
3979,7549,10248,0
3980,113179,286380,0
3981,10419,353143,0
3982,79039,79754,0
3983,79444,55110,0
3984,399761,124925,0
3985,1974,280664,0
3986,2954,3083,0
3987,344018,51053,0
3988,4481,6897,0
3989,23283,389207,0
3990,283455,25999,0
3991,8678,114800,0
3992,7556,92597,0
3993,717,9145,0
3994,10024,79047,0
3995,7913,9240,0
3996,9404,27230,0
3997,4838,6627,0
3998,125115,27352,0
3999,5275,503497,0
4000,5149,81573,0
4001,7620,114771,0
4002,4490,6560,0
4003,8813,10385,0
4004,118788,56970,0
4005,4150,8785,0
4006,5376,54536,0
4007,166,388882,0
4008,1454,11100,0
4009,165324,128439,0
4010,11063,55502,0
4011,3849,80143,0
4012,79637,57326,0
4013,399693,51608,0
4014,7448,220064,0
4015,3662,22822,0
4016,79933,23526,0
4017,11105,55509,0
4018,4170,26751,0
4019,7920,85569,0
4020,80764,55231,0
4021,83786,57185,0
4022,7120,8495,0
4023,8692,91608,0
4024,5515,124404,0
4025,3589,285093,0
4026,81,79981,0
4027,284346,29887,0
4028,4869,8936,0
4029,66000,23589,0
4030,133015,54536,0
4031,51330,27232,0
4032,6653,83416,0
4033,200634,55660,0
4034,480,80184,0
4035,84669,55103,0
4036,4485,50808,0
4037,83658,93082,0
4038,3055,23288,0
4039,80306,196441,0
4040,8318,9766,0
4041,4792,9530,0
4042,4999,6429,0
4043,11218,63940,0
4044,2214,116115,0
4045,9278,79077,0
4046,80778,153657,0
4047,535,55374,0
4048,6234,11092,0
4049,79720,51496,0
4050,7314,51447,0
4051,840,54982,0
4052,6447,28988,0
4053,83659,84256,0
4054,1375,5204,0
4055,272,900,0
4056,5917,29992,0
4057,1187,100287902,0
4058,51705,55660,0
4059,2969,23288,0
4060,8433,51125,0
4061,3383,55646,0
4062,54623,386675,0
4063,23626,56704,0
4064,10421,26024,0
4065,337880,222696,0
4066,286451,388325,0
4067,9363,79863,0
4068,10087,57659,0
4069,284837,26585,0
4070,56180,255239,0
4071,10361,220001,0
4072,10262,80863,0
4073,6782,112399,0
4074,57554,60680,0
4075,10247,64219,0
4076,9503,27238,0
4077,285141,287015,0
4078,3059,80316,0
4079,146664,84527,0
4080,55257,23244,0
4081,93273,160824,0
4082,1802,81631,0
4083,170626,91750,0
4084,55164,64220,0
4085,4485,9935,0
4086,392,162632,0
4087,5252,375033,0
4088,51567,121643,0
4089,5449,6993,0
4090,963,1381,0
4091,9783,284111,0
4092,79641,257236,0
4093,55701,26953,0
4094,2670,55233,0
4095,5631,146712,0
4096,10615,84958,0
4097,139231,63826,0
4098,975,9412,0
4099,4499,27042,0
4100,197322,84988,0
4101,55282,64168,0
4102,80174,55374,0
4103,79862,285622,0
4104,51181,55334,0
4105,3059,114898,0
4106,1788,2941,0
4107,2100,167153,0
4108,6232,140775,0
4109,140706,80129,0
4110,51646,23762,0
4111,169841,143098,0
4112,79842,23315,0
4113,4956,79370,0
4114,199221,149708,0
4115,9500,51564,0
4116,1965,151121,0
4117,4953,10817,0
4118,5083,81629,0
4119,2530,256302,0
4120,2299,3251,0
4121,5917,378951,0
4122,353140,29066,0
4123,6331,79364,0
4124,23412,27095,0
4125,83862,51442,0
4126,8939,9880,0
4127,5577,26276,0
4128,1671,58478,0
4129,4188,10891,0
4130,885,4850,0
4131,9550,80212,0
4132,65997,5866,0
4133,11170,55503,0
4134,7520,84289,0
4135,85376,54927,0
4136,81932,90135,0
4137,3145,84140,0
4138,8241,57511,0
4139,8233,8440,0
4140,140460,11316,0
4141,114770,84439,0
4142,9021,23566,0
4143,10612,90737,0
4144,167838,117245,0
4145,8458,9564,0
4146,8907,22920,0
4147,435,134391,0
4148,2624,147687,0
4149,1143,55915,0
4150,53347,27242,0
4151,5716,161829,0
4152,6304,23152,0
4153,10439,27106,0
4154,5480,7762,0
4155,84056,51297,0
4156,3216,285987,0
4157,145773,149483,0
4158,4068,4485,0
4159,5984,401508,0
4160,9180,54981,0
4161,5551,140876,0
4162,494514,3216,0
4163,10605,11336,0
4164,1615,399761,0
4165,2316,5639,0
4166,2792,54902,0
4167,55234,25975,0
4168,83733,51776,0
4169,388969,29800,0
4170,4686,222642,0
4171,165904,23137,0
4172,2980,80063,0
4173,1026,8669,0
4174,401994,124149,0
4175,1962,7322,0
4176,80212,28796,0
4177,79733,84850,0
4178,143630,29843,0
4179,6397,59349,0
4180,113791,58155,0
4181,6017,402117,0
4182,66002,54979,0
4183,6846,728175,0
4184,11258,51225,0
4185,2782,4088,0
4186,23208,386617,0
4187,5095,9341,0
4188,10391,157567,0
4189,2495,284365,0
4190,5878,126282,0
4191,8665,79839,0
4192,3094,115825,0
4193,2578,10072,0
4194,1665,6801,0
4195,8648,147945,0
4196,8942,51265,0
4197,6171,9341,0
4198,10181,285093,0
4199,8848,84259,0
4200,3889,57819,0
4201,8985,56998,0
4202,8646,9871,0
4203,84888,54869,0
4204,4838,58191,0
4205,1785,153657,0
4206,84733,57410,0
4207,6945,27316,0
4208,718,64976,0
4209,79722,163486,0
4210,4792,11339,0
4211,85013,25906,0
4212,23151,27430,0
4213,403,7403,0
4214,3046,53335,0
4215,285782,123169,0
4216,4103,113746,0
4217,54165,128869,0
4218,161,8870,0
4219,5908,115825,0
4220,196996,83894,0
4221,84618,53826,0
4222,51655,284309,0
4223,137209,56616,0
4224,4747,9474,0
4225,5252,55565,0
4226,84191,54979,0
4227,132228,202151,0
4228,10617,26273,0
4229,153572,222659,0
4230,60385,28823,0
4231,7321,26284,0
4232,750,79364,0
4233,6293,342574,0
4234,3437,116412,0
4235,767,9643,0
4236,6921,25959,0
4237,33,124944,0
4238,54471,158399,0
4239,6612,7159,0
4240,4798,163183,0
4241,2512,3957,0
4242,5015,90594,0
4243,7067,55176,0
4244,4085,128272,0
4245,114798,55582,0
4246,10656,27037,0
4247,8031,63027,0
4248,114771,93343,0
4249,3611,137209,0
4250,4499,56269,0
4251,2051,8463,0
4252,387267,29922,0
4253,339768,126402,0
4254,3039,23338,0
4255,142679,54946,0
4256,149950,26468,0
4257,51256,129831,0
4258,360,90957,0
4259,25924,60468,0
4260,100132979,60485,0
4261,51571,654346,0
4262,116115,55194,0
4263,10486,404550,0
4264,115201,129401,0
4265,9949,440295,0
4266,9075,10483,0
4267,5427,5805,0
4268,10556,22794,0
4269,57035,29087,0
4270,53347,121457,0
4271,9880,79148,0
4272,262,23515,0
4273,145567,54869,0
4274,343035,283212,0
4275,245929,23429,0
4276,50650,151246,0
4277,399761,7690,0
4278,356,25842,0
4279,145483,58499,0
4280,5805,5935,0
4281,113829,55544,0
4282,10879,84779,0
4283,4598,11259,0
4284,22938,56158,0
4285,79081,26270,0
4286,2214,11260,0
4287,4089,27159,0
4288,4815,79810,0
4289,1198,30845,0
4290,165100,53340,0
4291,196996,9189,0
4292,2625,388695,0
4293,3219,9744,0
4294,84858,54913,0
4295,5859,257202,0
4296,2553,5754,0
4297,842,100127888,0
4298,9355,387755,0
4299,3115,9949,0
4300,7342,283152,0
4301,169026,653808,0
4302,2957,503497,0
4303,5660,27230,0
4304,6733,7483,0
4305,5876,51296,0
4306,348807,128553,0
4307,10606,51147,0
4308,84872,414157,0
4309,997,220136,0
4310,404550,56970,0
4311,685,2969,0
4312,7159,64783,0
4313,7536,24144,0
4314,7128,388333,0
4315,114991,286343,0
4316,8945,123283,0
4317,313,4005,0
4318,5620,9099,0
4319,10105,51444,0
4320,135892,6700,0
4321,191,54915,0
4322,66036,92714,0
4323,3561,285971,0
4324,2203,9247,0
4325,2810,4105,0
4326,2592,23604,0
4327,170463,388389,0
4328,1013,1674,0
4329,9238,51307,0
4330,7403,84516,0
4331,4143,29974,0
4332,161,2762,0
4333,3684,53335,0
4334,22795,64320,0
4335,5911,51134,0
4336,7917,63928,0
4337,7003,10233,0
4338,169166,387856,0
4339,6331,6525,0
4340,1025,90362,0
4341,5705,130355,0
4342,346157,27258,0
4343,1794,6871,0
4344,2039,26353,0
4345,8412,51225,0
4346,7556,91133,0
4347,55337,23130,0
4348,51700,160140,0
4349,10282,57561,0
4350,10009,58524,0
4351,1173,55702,0
4352,23392,26505,0
4353,5256,7920,0
4354,10278,79171,0
4355,862,138639,0
4356,57727,388962,0
4357,3589,23619,0
4358,3800,9883,0
4359,2582,22938,0
4360,345557,55198,0
4361,79607,80131,0
4362,166863,65008,0
4363,729862,116225,0
4364,8099,64927,0
4365,7185,54883,0
4366,5308,22908,0
4367,9562,79622,0
4368,9270,26191,0
4369,279,84530,0
4370,6233,149950,0
4371,54708,27434,0
4372,480,1032,0
4373,132321,5525,0
4374,4665,84733,0
4375,5459,51251,0
4376,2543,5207,0
4377,100507537,92714,0
4378,4838,388962,0
4379,8677,286262,0
4380,10278,284111,0
4381,7697,353131,0
4382,283219,26168,0
4383,9665,161253,0
4384,23609,64393,0
4385,8848,60491,0
4386,407,554206,0
4387,84872,55233,0
4388,118490,389741,0
4389,6299,222256,0
4390,10562,90025,0
4391,55815,221302,0
4392,80820,23633,0
4393,23149,26658,0
4394,2954,10391,0
4395,7781,50619,0
4396,147808,54620,0
4397,57338,29124,0
4398,5778,23774,0
4399,8409,54926,0
4400,339834,64785,0
4401,51510,158798,0
4402,2077,51025,0
4403,11199,78999,0
4404,84901,283208,0
4405,6434,27352,0
4406,7341,79038,0
4407,6730,150094,0
4408,1281,11332,0
4409,7849,8742,0
4410,1615,257629,0
4411,84294,23780,0
4412,665,3775,0
4413,1408,317761,0
4414,6717,55768,0
4415,51282,29970,0
4416,10529,128439,0
4417,7257,10951,0
4418,5636,9139,0
4419,758,54883,0
4420,1175,91137,0
4421,51389,51427,0
4422,1649,6002,0
4423,8731,284352,0
4424,440348,162632,0
4425,3614,81573,0
4426,8812,337966,0
4427,1406,170680,0
4428,138162,147660,0
4429,254910,196500,0
4430,4356,116412,0
4431,5900,8317,0
4432,1589,120379,0
4433,220108,654483,0
4434,4952,10606,0
4435,114908,23417,0
4436,5886,55388,0
4437,7483,221527,0
4438,1164,115207,0
4439,5778,79635,0
4440,23567,56924,0
4441,10175,85446,0
4442,23136,58478,0
4443,220134,29094,0
4444,5660,10236,0
4445,8372,22897,0
4446,972,27430,0
4447,655,3895,0
4448,7163,10133,0
4449,255877,128229,0
4450,729991,51188,0
4451,10344,126969,0
4452,7030,51776,0
4453,3912,554251,0
4454,9021,57624,0
4455,2741,317719,0
4456,84816,54967,0
4457,79156,64411,0
4458,84271,285367,0
4459,754,83901,0
4460,10107,80823,0
4461,84337,192683,0
4462,2202,140947,0
4463,81853,55334,0
4464,3736,7534,0
4465,84065,84561,0
4466,1386,23151,0
4467,23534,353135,0
4468,284802,57567,0
4469,65985,51060,0
4470,6632,353333,0
4471,57630,160419,0
4472,9328,57213,0
4473,9805,121643,0
4474,7458,30834,0
4475,81566,56898,0
4476,3054,144108,0
4477,83988,286262,0
4478,6273,7108,0
4479,2114,27250,0
4480,1027,728276,0
4481,4598,5781,0
4482,7556,54910,0
4483,11340,22839,0
4484,9874,388407,0
4485,7518,84465,0
4486,4281,10100,0
4487,4355,5255,0
4488,10054,57188,0
4489,331,64968,0
4490,8539,255043,0
4491,6009,150483,0
4492,4437,5439,0
4493,9817,353238,0
4494,6286,10435,0
4495,1311,64802,0
4496,605,54776,0
4497,202051,7775,0
4498,51361,94122,0
4499,4905,5879,0
4500,8751,9871,0
4501,6890,26353,0
4502,2137,9610,0
4503,7727,51776,0
4504,6452,124220,0
4505,8562,120526,0
4506,10465,10478,0
4507,9111,26291,0
4508,1809,7407,0
4509,79842,81853,0
4510,6299,414927,0
4511,10733,80063,0
4512,5441,402682,0
4513,7551,8727,0
4514,116225,126393,0
4515,79081,388951,0
4516,51058,23173,0
4517,431707,116540,0
4518,1855,140606,0
4519,8834,317761,0
4520,80022,150248,0
4521,80856,27430,0
4522,25,971,0
4523,7572,115416,0
4524,84245,91289,0
4525,784,11031,0
4526,55231,57335,0
4527,5693,100129534,0
4528,11284,343521,0
4529,1649,414060,0
4530,6990,9747,0
4531,4846,5573,0
4532,3652,23281,0
4533,5459,8513,0
4534,10904,642938,0
4535,51214,53349,0
4536,79666,29109,0
4537,2354,51117,0
4538,9609,115825,0
4539,10773,54510,0
4540,1102,10332,0
4541,1406,10447,0
4542,9525,93611,0
4543,51569,23253,0
4544,3684,220134,0
4545,253980,26034,0
4546,1146,1896,0
4547,100506164,414927,0
4548,56675,56904,0
4549,8216,23190,0
4550,5439,85359,0
4551,125997,389541,0
4552,5449,29099,0
4553,84996,158506,0
4554,84272,27343,0
4555,3433,3707,0
4556,7727,112812,0
4557,51466,90874,0
4558,1068,2010,0
4559,89,55885,0
4560,3177,10682,0
4561,79022,147179,0
4562,79024,162632,0
4563,10826,127687,0
4564,3101,7376,0
4565,146057,56906,0
4566,11252,79005,0
4567,997,146310,0
4568,4111,54913,0
4569,10562,63948,0
4570,83853,54065,0
4571,54927,57132,0
4572,2272,7466,0
4573,27316,29993,0
4574,114798,29903,0
4575,660,10794,0
4576,5706,10474,0
4577,463,171023,0
4578,2114,386677,0
4579,1616,3615,0
4580,115817,55110,0
4581,26153,26984,0
4582,56984,57188,0
4583,54065,56949,0
4584,6675,10142,0
4585,148534,26468,0
4586,114336,55582,0
4587,80705,114771,0
4588,9971,353135,0
4589,1187,259236,0
4590,755,143630,0
4591,90864,255043,0
4592,5921,56852,0
4593,140460,150864,0
4594,90355,653808,0
4595,958,10423,0
4596,51256,22874,0
4597,144717,84456,0
4598,51367,641367,0
4599,11326,84530,0
4600,7566,56241,0
4601,6286,388389,0
4602,254122,26505,0
4603,81892,123591,0
4604,5524,9562,0
4605,4005,442523,0
4606,7004,10447,0
4607,2255,9782,0
4608,4336,11158,0
4609,170082,56850,0
4610,84062,56891,0
4611,6440,84616,0
4612,55086,63948,0
4613,3904,80178,0
4614,1647,84310,0
4615,169841,645455,0
4616,84074,128977,0
4617,144404,29911,0
4618,440184,84312,0
4619,1822,80863,0
4620,22980,56902,0
4621,784,151121,0
4622,8936,10083,0
4623,201965,6941,0
4624,4207,57530,0
4625,5660,10633,0
4626,1478,59274,0
4627,3895,10273,0
4628,444,1600,0
4629,51257,23149,0
4630,440093,57596,0
4631,92667,653240,0
4632,136895,84536,0
4633,9896,144347,0
4634,7322,29882,0
4635,7447,23650,0
4636,55526,58530,0
4637,1485,89885,0
4638,146779,54206,0
4639,8826,60485,0
4640,440419,56984,0
4641,685,7329,0
4642,463,3087,0
4643,2939,10147,0
4644,2773,158405,0
4645,1802,55357,0
4646,4905,6780,0
4647,439,10332,0
4648,7342,25906,0
4649,5790,353143,0
4650,10217,29775,0
4651,202051,100506584,0
4652,5834,375307,0
4653,7051,94134,0
4654,7073,11116,0
4655,140462,11126,0
4656,4939,80714,0
4657,55510,56895,0
4658,5204,11259,0
4659,9098,56947,0
4660,23270,29928,0
4661,114041,25911,0
4662,493829,55890,0
4663,5940,8504,0
