,Drug_ID,Protein_ID,label
0,DB07830,P27487,1
1,DB06836,Q8NEB9,1
2,DB00148,P17540,1
3,DB01354,P31644,1
4,DB09280,P20813,1
5,DB07116,P13051,1
6,DB07913,Q9UBX1,1
7,DB00441,P32320,1
8,DB00025,Q8NI22,1
9,DB01267,P21917,1
10,DB00081,P31995,1
11,DB07827,P45452,1
12,DB06216,P18825,1
13,DB03907,P21964,1
14,DB04896,P31645,1
15,DB05900,P08069,1
16,DB00635,P08684,1
17,DB00020,P15509,1
18,DB00477,P21728,1
19,DB00834,P10635,1
20,DB02930,P54278,1
21,DB00898,P48544,1
22,DB08930,P08684,1
23,DB00250,P23219,1
24,DB08289,P01834,1
25,DB00184,P04798,1
26,DB08053,P12931,1
27,DB07228,O14757,1
28,DB00170,P08709,1
29,DB08896,Q15759,1
30,DB07638,Q92731,1
31,DB03100,P35228,1
32,DB00435,P08684,1
33,DB00171,P08183,1
34,DB01126,P31213,1
35,DB03754,P07585,1
36,DB00273,P33261,1
37,DB03058,P00746,1
38,DB03796,P00709,1
39,DB08846,P00918,1
40,DB00115,Q9Y4U1,1
41,DB04660,P17900,1
42,DB08927,P28223,1
43,DB00613,P50135,1
44,DB02589,P29474,1
45,DB00655,P05177,1
46,DB00399,P14324,1
47,DB00172,Q99884,1
48,DB02010,P49137,1
49,DB00002,P12314,1
50,DB00215,P33261,1
51,DB00514,Q8TCU5,1
52,DB06770,P05091,1
53,DB00819,P00915,1
54,DB07194,P43405,1
55,DB00228,O00591,1
56,DB00810,P11229,1
57,DB01203,P08588,1
58,DB00257,P05177,1
59,DB00500,P35354,1
60,DB00557,P35367,1
61,DB01159,O00591,1
62,DB01338,P08172,1
63,DB01008,P08263,1
64,DB00784,P23219,1
65,DB00734,P08908,1
66,DB00784,P11712,1
67,DB00170,P05177,1
68,DB04522,Q15796,1
69,DB01007,P08684,1
70,DB00476,Q01959,1
71,DB01026,P11712,1
72,DB04017,P21397,1
73,DB07311,O14757,1
74,DB02552,O95749,1
75,DB06089,O43525,1
76,DB04147,P01595,1
77,DB01026,P11509,1
78,DB00010,Q02643,1
79,DB04866,P02452,1
80,DB01156,P08684,1
81,DB08891,Q9UBS5,1
82,DB05715,Q16739,1
83,DB00509,P07202,1
84,DB00619,P23219,1
85,DB01039,O43923,1
86,DB00731,Q09428,1
87,DB01046,P16152,1
88,DB07401,P07919,1
89,DB00767,P35367,1
90,DB05298,Q08499,1
91,DB00381,P10635,1
92,DB00477,P28335,1
93,DB00934,P08172,1
94,DB00009,P00747,1
95,DB06288,P28223,1
96,DB00231,P33261,1
97,DB00477,P05177,1
98,DB00270,Q08289,1
99,DB01177,P10635,1
100,DB00420,P05177,1
101,DB08911,P08684,1
102,DB02635,O15382,1
103,DB01159,Q9NPC2,1
104,DB04089,P00918,1
105,DB00435,P05091,1
106,DB00074,P00736,1
107,DB00812,P11712,1
108,DB00092,P02746,1
109,DB09570,P10632,1
110,DB00628,Q9UN88,1
111,DB01036,P11712,1
112,DB04795,P31040,1
113,DB04868,P11712,1
114,DB00724,Q9NYK1,1
115,DB08168,P30405,1
116,DB00605,P05177,1
117,DB00726,P11712,1
118,DB00661,Q14524,1
119,DB00568,P08912,1
120,DB05131,P00740,1
121,DB00030,P07339,1
122,DB00690,P08684,1
123,DB07841,P49356,1
124,DB00686,P05230,1
125,DB03439,P04746,1
126,DB00897,Q9UN88,1
127,DB01227,P08684,1
128,DB01115,P11509,1
129,DB01095,P20813,1
130,DB00425,P33261,1
131,DB00173,P24666,1
132,DB07653,O14757,1
133,DB04557,P11712,1
134,DB01242,P33261,1
135,DB00501,P15538,1
136,DB00408,P28223,1
137,DB05501,P61073,1
138,DB04820,P21397,1
139,DB07812,P31751,1
140,DB00112,P15692,1
141,DB01189,P48169,1
142,DB07639,P00734,1
143,DB01411,P01375,1
144,DB00633,P04798,1
145,DB03345,Q9NVS9,1
146,DB01025,P80511,1
147,DB05007,P04626,1
148,DB00337,P62942,1
149,DB08437,P61313,1
150,DB05317,P37268,1
151,DB00277,P10635,1
152,DB06830,O95749,1
153,DB00643,P04798,1
154,DB00599,P05181,1
155,DB00349,Q16445,1
156,DB02671,P02144,1
157,DB00526,P04798,1
158,DB00571,P13945,1
159,DB01158,P05023,1
160,DB03020,P00326,1
161,DB00648,P15538,1
162,DB00157,P37058,1
163,DB00541,P07437,1
164,DB00114,Q9Y600,1
165,DB00139,Q02809,1
166,DB04855,P08913,1
167,DB00619,P10635,1
168,DB02447,P11217,1
169,DB06876,O14757,1
170,DB01242,P28223,1
171,DB02028,P50607,1
172,DB00170,Q06278,1
173,DB05022,P11388,1
174,DB01403,P08913,1
175,DB01130,P04150,1
176,DB02258,P13631,1
177,DB00172,P62937,1
178,DB01023,Q9NY47,1
179,DB00918,P08684,1
180,DB03516,P47989,1
181,DB00696,P14416,1
182,DB03758,P14625,1
183,DB07533,P20248,1
184,DB00393,P20815,1
185,DB04272,Q9HB21,1
186,DB04960,P49356,1
187,DB07964,P78536,1
188,DB04855,O00305,1
189,DB00502,P10635,1
190,DB01226,P06276,1
191,DB05210,P27986,1
192,DB06738,P41143,1
193,DB08231,P62942,1
194,DB06730,P24462,1
195,DB04786,P41231,1
196,DB00157,O95178,1
197,DB08565,P17538,1
198,DB03435,Q9UBQ6,1
199,DB04513,P62158,1
200,DB01062,P11229,1
201,DB00592,P28472,1
202,DB00182,P23975,1
203,DB05875,P06276,1
204,DB00999,O43570,1
205,DB00857,P33261,1
206,DB02494,P61313,1
207,DB00173,Q9BY49,1
208,DB00812,P35354,1
209,DB08285,P20248,1
210,DB00414,P48048,1
211,DB02546,Q9UBN7,1
212,DB00051,O75015,1
213,DB00887,Q13621,1
214,DB00172,O43272,1
215,DB00402,P28472,1
216,DB00418,O60391,1
217,DB02860,P36873,1
218,DB08802,P35367,1
219,DB00231,Q99928,1
220,DB00533,P05177,1
221,DB01057,P06276,1
222,DB00400,P05177,1
223,DB00421,O95180,1
224,DB04367,Q07912,1
225,DB08335,P14174,1
226,DB00182,P11509,1
227,DB00726,P33261,1
228,DB02266,P42330,1
229,DB01054,Q9NY47,1
230,DB03890,Q9UNI1,1
231,DB01863,Q9H4M7,1
232,DB01588,Q16445,1
233,DB05294,P31513,1
234,DB03976,P17538,1
235,DB01248,P08684,1
236,DB02731,P55809,1
237,DB00129,P78540,1
238,DB09128,P08684,1
239,DB00546,P47869,1
240,DB06262,P18825,1
241,DB01939,P07477,1
242,DB00234,P23975,1
243,DB00540,P08684,1
244,DB00011,P48551,1
245,DB07675,P37231,1
246,DB00571,P08684,1
247,DB00175,P11712,1
248,DB00833,P05164,1
249,DB00847,P61278,1
250,DB01068,P78334,1
251,DB08271,P09238,1
252,DB01227,P20815,1
253,DB03095,Q14376,1
254,DB08342,O43617,1
255,DB00390,P08684,1
256,DB01054,Q13698,1
257,DB01189,P28472,1
258,DB00531,P24462,1
259,DB04892,P22303,1
260,DB00752,P27338,1
261,DB00306,P78334,1
262,DB01229,P11137,1
263,DB00907,P10635,1
264,DB03552,P07101,1
265,DB07636,P00156,1
266,DB00142,Q8TD30,1
267,DB04725,P35354,1
268,DB00539,P04798,1
269,DB01114,Q01959,1
270,DB01006,P11511,1
271,DB01544,P16662,1
272,DB00113,P13688,1
273,DB06777,P08684,1
274,DB01562,P10635,1
275,DB04315,P40616,1
276,DB00030,P16519,1
277,DB05509,P08908,1
278,DB00934,P23975,1
279,DB00644,P30968,1
280,DB09053,P20815,1
281,DB00818,P22309,1
282,DB00949,Q8TCU5,1
283,DB01244,P62158,1
284,DB00363,P08912,1
285,DB00036,P05981,1
286,DB00725,P08172,1
287,DB05812,P05093,1
288,DB08183,P23458,1
289,DB00852,P08588,1
290,DB00774,O43570,1
291,DB01242,P10635,1
292,DB01268,P35968,1
293,DB04925,P00747,1
294,DB00721,Q12791,1
295,DB06267,P20815,1
296,DB01159,P03886,1
297,DB08534,P24941,1
298,DB06643,O14788,1
299,DB01827,P17931,1
300,DB05391,P07359,1
301,DB04272,O14964,1
302,DB00128,Q7L266,1
303,DB00668,P35348,1
304,DB01050,P10415,1
305,DB08904,P01375,1
306,DB01037,P33261,1
307,DB00783,Q16678,1
308,DB00502,Q13224,1
309,DB00324,P04150,1
310,DB00334,P50406,1
311,DB07793,P11217,1
312,DB01225,P00742,1
313,DB00131,Q07343,1
314,DB00675,P05129,1
315,DB00667,Q9Y5N1,1
316,DB00344,P23975,1
317,DB01614,P21728,1
318,DB00996,Q12879,1
319,DB01175,P11229,1
320,DB00093,P37288,1
321,DB00882,P11509,1
322,DB00696,P23975,1
323,DB01098,P04035,1
324,DB00675,P24462,1
325,DB07375,P01834,1
326,DB04787,P06401,1
327,DB04474,P31151,1
328,DB00371,P14867,1
329,DB00005,P02746,1
330,DB08309,P20248,1
331,DB03832,Q9UKG9,1
332,DB00408,P21917,1
333,DB00635,P04150,1
334,DB09102,P24462,1
335,DB04465,Q7Z4J2,1
336,DB03088,P15692,1
337,DB01186,P35462,1
338,DB07230,Q92731,1
339,DB01182,P11712,1
340,DB04871,P05177,1
341,DB03429,P12235,1
342,DB01342,P30556,1
343,DB01189,P23415,1
344,DB06741,O60656,1
345,DB04964,Q8WXI7,1
346,DB00996,P54687,1
347,DB01104,P11712,1
348,DB01032,P08684,1
349,DB00805,P21728,1
350,DB00463,P28472,1
351,DB00825,Q7Z2W7,1
352,DB07887,P03951,1
353,DB00917,P05177,1
354,DB00273,P35498,1
355,DB05740,Q9GZZ6,1
356,DB07242,O43293,1
357,DB07544,P54687,1
358,DB05280,P21917,1
359,DB02281,Q13126,1
360,DB00107,P48147,1
361,DB00227,P10632,1
362,DB01068,P11245,1
363,DB00409,P35462,1
364,DB00726,P35368,1
365,DB04079,P08100,1
366,DB01076,P22309,1
367,DB00367,P11511,1
368,DB00425,P20815,1
369,DB08220,Q15788,1
370,DB08749,P56817,1
371,DB00379,P20813,1
372,DB01363,Q01959,1
373,DB00348,P32754,1
374,DB01173,P35367,1
375,DB05223,O15379,1
376,DB00973,P35503,1
377,DB00078,P09871,1
378,DB04008,P07477,1
379,DB08734,P04818,1
380,DB00338,P10635,1
381,DB08217,P06731,1
382,DB00321,P08908,1
383,DB05041,O95045,1
384,DB01205,O00591,1
385,DB00497,P08684,1
386,DB01224,P28335,1
387,DB00157,P17568,1
388,DB00313,P23219,1
389,DB00802,P08684,1
390,DB00201,Q13370,1
391,DB00468,P33261,1
392,DB00399,O95749,1
393,DB01049,P28566,1
394,DB00145,Q9Y345,1
395,DB07720,Q494W8,1
396,DB00604,P20815,1
397,DB00758,P23141,1
398,DB00753,P18507,1
399,DB01023,P02585,1
400,DB03083,P78368,1
401,DB00786,P51512,1
402,DB00620,P06276,1
403,DB01283,P33261,1
404,DB04982,P42262,1
405,DB01049,P21728,1
406,DB05229,P43119,1
407,DB08049,P21964,1
408,DB04924,P20309,1
409,DB00215,P10635,1
410,DB00062,P11712,1
411,DB05004,P25929,1
412,DB00501,Q01740,1
413,DB00755,P20813,1
414,DB04840,P10635,1
415,DB08231,P43080,1
416,DB01364,P23975,1
417,DB01236,Q09470,1
418,DB07594,P07900,1
419,DB00376,P08912,1
420,DB01159,P10635,1
421,DB03191,Q00266,1
422,DB00167,O15382,1
423,DB01567,P28472,1
424,DB04776,O00764,1
425,DB00788,P16662,1
426,DB00876,P11712,1
427,DB08875,P08581,1
428,DB05316,P28223,1
429,DB00363,Q16678,1
430,DB03133,P11217,1
431,DB00078,P11836,1
432,DB00381,P24462,1
433,DB00458,P50406,1
434,DB01221,P10632,1
435,DB08521,P28482,1
436,DB04707,P17612,1
437,DB00114,P54687,1
438,DB00055,P07204,1
439,DB07152,P36897,1
440,DB00731,P24462,1
441,DB00130,Q96PF1,1
442,DB00295,P35503,1
443,DB07954,O76074,1
444,DB00945,P04637,1
445,DB00619,P10721,1
446,DB00571,P24462,1
447,DB06419,P20815,1
448,DB08473,P68400,1
449,DB08815,P34969,1
450,DB00014,P30968,1
451,DB00145,P34897,1
452,DB00420,P28223,1
453,DB01007,P10632,1
454,DB05229,P10632,1
455,DB00402,P47869,1
456,DB01009,P23219,1
457,DB04098,P17612,1
458,DB00568,P35367,1
459,DB06698,Q9Y5N1,1
460,DB06691,P10635,1
461,DB07636,P47985,1
462,DB07724,Q03181,1
463,DB03696,P48449,1
464,DB00231,P20813,1
465,DB01118,P05177,1
466,DB00983,P33261,1
467,DB00818,P20813,1
468,DB01268,P09619,1
469,DB06770,P05177,1
470,DB04871,P20813,1
471,DB00603,P06401,1
472,DB01026,P10635,1
473,DB01595,P31644,1
474,DB00624,P20815,1
475,DB00898,Q02641,1
476,DB00622,P08684,1
477,DB04716,P52333,1
478,DB08804,P21397,1
479,DB00733,P22303,1
480,DB03006,P61626,1
481,DB07833,Q16539,1
482,DB00197,P33261,1
483,DB04912,P30519,1
484,DB03461,O60218,1
485,DB00906,P30531,1
486,DB05177,P09960,1
487,DB01375,P21796,1
488,DB00170,Q9BQB6,1
489,DB04315,P13639,1
490,DB01100,P10635,1
491,DB00104,P35346,1
492,DB00683,P08684,1
493,DB03602,Q04760,1
494,DB02527,P31323,1
495,DB04789,P48728,1
496,DB03861,Q9Y691,1
497,DB02652,P15085,1
498,DB00767,P11229,1
499,DB02347,P42262,1
500,DB00334,P78334,1
501,DB00543,P18505,1
502,DB06062,P01584,1
503,DB00273,O00591,1
504,DB07088,P00734,1
505,DB03147,P11310,1
506,DB00675,P41743,1
507,DB01454,P28223,1
508,DB00704,P35372,1
509,DB03876,P00749,1
510,DB01254,P06239,1
511,DB00907,P24462,1
512,DB00201,P30542,1
513,DB02449,P08254,1
514,DB03953,P35228,1
515,DB00201,P51160,1
516,DB01595,P28472,1
517,DB00659,P48169,1
518,DB02310,P50579,1
519,DB00975,P27815,1
520,DB03609,P00491,1
521,DB08256,P34913,1
522,DB00052,P16471,1
523,DB00152,Q9H3S4,1
524,DB03865,P00749,1
525,DB01055,P34896,1
526,DB00343,P10635,1
527,DB05469,P25100,1
528,DB00829,P34903,1
529,DB06833,P11474,1
530,DB05890,P15692,1
531,DB01068,P05181,1
532,DB00182,Q96RJ0,1
533,DB08169,Q02127,1
534,DB08705,P11309,1
535,DB08141,P24941,1
536,DB00703,P10635,1
537,DB00157,P00374,1
538,DB00900,P00491,1
539,DB00162,P00352,1
540,DB01205,Q99928,1
541,DB01708,P14061,1
542,DB00788,P22309,1
543,DB00141,P51606,1
544,DB01226,P08172,1
545,DB00160,Q8IUZ5,1
546,DB01403,P18089,1
547,DB04121,P84077,1
548,DB07746,P50579,1
549,DB00157,P49189,1
550,DB00762,P20815,1
551,DB08409,P01859,1
552,DB01059,P08684,1
553,DB05507,P29466,1
554,DB01236,P18505,1
555,DB00292,P31644,1
556,DB00144,Q9NXE4,1
557,DB00514,P17787,1
558,DB00590,P33261,1
559,DB00969,P05177,1
560,DB00347,P05181,1
561,DB00363,P14416,1
562,DB02379,Q6L8H2,1
563,DB08164,P27487,1
564,DB00436,P00918,1
565,DB00656,P35367,1
566,DB06713,P08842,1
567,DB06731,P24462,1
568,DB00142,Q9H1K4,1
569,DB02062,P08473,1
570,DB00067,P47901,1
571,DB08918,P10635,1
572,DB04137,Q15382,1
573,DB00092,P12314,1
574,DB00687,P10275,1
575,DB07341,P16442,1
576,DB01437,P31644,1
577,DB00973,P35610,1
578,DB08515,P28074,1
579,DB08060,P21549,1
580,DB00415,P46059,1
581,DB00318,P10635,1
582,DB02494,P15085,1
583,DB06080,P36888,1
584,DB00233,P05164,1
585,DB05657,Q92847,1
586,DB00228,P23415,1
587,DB04464,P15954,1
588,DB07221,O95749,1
589,DB02379,P35247,1
590,DB04459,P00746,1
591,DB06148,P18825,1
592,DB07931,Q04828,1
593,DB00255,P08684,1
594,DB07297,P06239,1
595,DB06689,P05181,1
596,DB06216,P41595,1
597,DB01254,P20815,1
598,DB00462,P20309,1
599,DB01224,P35348,1
600,DB01110,P05181,1
601,DB01811,P02788,1
602,DB06413,P33261,1
603,DB00818,Q9HAW9,1
604,DB08864,P08684,1
605,DB00521,P07550,1
606,DB04141,O14949,1
607,DB07593,P43235,1
608,DB08321,Q16706,1
609,DB04919,P02675,1
610,DB00544,O95045,1
611,DB04094,P62942,1
612,DB01238,P08684,1
613,DB00917,P43116,1
614,DB00370,P08588,1
615,DB05458,P17787,1
616,DB04856,P11712,1
617,DB02161,P23141,1
618,DB07873,O95749,1
619,DB00041,P01589,1
620,DB07344,Q8IVS2,1
621,DB01218,Q12809,1
622,DB01097,P11712,1
623,DB04574,Q92731,1
624,DB00203,P04798,1
625,DB09054,P08684,1
626,DB00397,P08588,1
627,DB00316,P08684,1
628,DB01221,P30939,1
629,DB01058,P33261,1
630,DB06712,Q08289,1
631,DB08184,P07477,1
632,DB00503,P20813,1
633,DB09039,P10635,1
634,DB02685,P07858,1
635,DB01136,O95298,1
636,DB00321,P08172,1
637,DB01241,Q07869,1
638,DB09102,P20815,1
639,DB04141,Q9UDW1,1
640,DB00277,Q14432,1
641,DB00477,P05181,1
642,DB08162,P17612,1
643,DB00726,P46098,1
644,DB01559,P08684,1
645,DB00520,P08684,1
646,DB00455,P10632,1
647,DB00237,P18505,1
648,DB03147,Q86YB8,1
649,DB00116,P34897,1
650,DB04930,P20813,1
651,DB00243,Q15858,1
652,DB00794,P20813,1
653,DB04846,P07550,1
654,DB01388,Q9P0X4,1
655,DB00472,P31645,1
656,DB01303,P30542,1
657,DB03637,P35030,1
658,DB01558,P05177,1
659,DB00028,Q92637,1
660,DB09080,P11712,1
661,DB00837,P14867,1
662,DB04652,P08235,1
663,DB00123,Q15046,1
664,DB05152,P11229,1
665,DB01200,P21918,1
666,DB00627,Q15274,1
667,DB01588,O14764,1
668,DB08930,P09086,1
669,DB00799,P13631,1
670,DB01240,Q9H244,1
671,DB07919,P21397,1
672,DB08393,O14757,1
673,DB01594,P31644,1
674,DB00157,P49821,1
675,DB00490,P20815,1
676,DB04799,Q9UDW1,1
677,DB00938,P20815,1
678,DB05739,P50052,1
679,DB00656,P08684,1
680,DB00667,P50135,1
681,DB00882,P03372,1
682,DB00951,P11245,1
683,DB01595,O00591,1
684,DB01483,P36544,1
685,DB04905,P10635,1
686,DB04285,P18031,1
687,DB06738,P35372,1
688,DB01194,P22748,1
689,DB00921,P41143,1
690,DB02709,P08684,1
691,DB00530,P00533,1
692,DB00445,P11388,1
693,DB00463,P78334,1
694,DB08129,P11086,1
695,DB09570,P20813,1
696,DB07738,P56817,1
697,DB00334,P28221,1
698,DB00296,P05177,1
699,DB00114,Q9BYV1,1
700,DB08173,P00742,1
701,DB06678,P08913,1
702,DB05206,P25101,1
703,DB00114,Q9HD40,1
704,DB01032,Q96RD7,1
705,DB08326,Q96GR2,1
706,DB01381,P18507,1
707,DB05157,Q16539,1
708,DB00924,P05177,1
709,DB04845,P08684,1
710,DB03216,P23526,1
711,DB01577,Q05940,1
712,DB07108,Q07817,1
713,DB01548,P35372,1
714,DB07778,P08574,1
715,DB06909,Q07343,1
716,DB00973,P15144,1
717,DB02871,P00326,1
718,DB05066,P39905,1
719,DB00801,P31644,1
720,DB01058,P05177,1
721,DB01171,P05177,1
722,DB00284,P10253,1
723,DB01213,P05181,1
724,DB01588,P24046,1
725,DB00472,P08684,1
726,DB00170,P16083,1
727,DB00548,P51857,1
728,DB00786,Q9NPA2,1
729,DB03227,Q96T66,1
730,DB00157,Q02252,1
731,DB01181,P20813,1
732,DB02388,P53779,1
733,DB02078,P06241,1
734,DB00563,Q06278,1
735,DB00312,O15399,1
736,DB01373,P49747,1
737,DB00515,P35354,1
738,DB01242,P23975,1
739,DB06144,P25100,1
740,DB00418,Q13224,1
741,DB08183,O60674,1
742,DB00586,P16662,1
743,DB07636,P14927,1
744,DB08023,P53779,1
745,DB00674,P32297,1
746,DB06274,P41145,1
747,DB06637,P05181,1
748,DB04001,P18031,1
749,DB00273,P08684,1
750,DB01277,P08069,1
751,DB01496,P14867,1
752,DB09054,P33261,1
753,DB00667,Q9H3N8,1
754,DB00462,P11229,1
755,DB04315,P10114,1
756,DB00191,P05177,1
757,DB06216,P08913,1
758,DB05767,P01584,1
759,DB05446,P02749,1
760,DB05101,P00533,1
761,DB02994,P29474,1
762,DB00713,Q16348,1
763,DB07504,P24941,1
764,DB00335,P07550,1
765,DB08443,P07900,1
766,DB03777,P11309,1
767,DB03088,P19961,1
768,DB01420,P22309,1
769,DB00726,P21728,1
770,DB01442,P23975,1
771,DB00277,Q92769,1
772,DB01356,P49841,1
773,DB00333,P24462,1
774,DB03120,P09668,1
775,DB06961,P07900,1
776,DB04659,P09848,1
777,DB00203,P18545,1
778,DB00653,P54289,1
779,DB00151,P35520,1
780,DB00515,P04731,1
781,DB01454,Q01959,1
782,DB00108,P08637,1
783,DB00155,P00480,1
784,DB05109,P10635,1
785,DB00306,P42262,1
786,DB08489,P09237,1
787,DB00454,P11229,1
788,DB04223,P29475,1
789,DB01031,P00915,1
790,DB09048,P25103,1
791,DB00587,Q9Y271,1
792,DB01873,P07437,1
793,DB00514,P14598,1
794,DB00819,P43166,1
795,DB00797,P08913,1
796,DB00487,P05177,1
797,DB02325,P01625,1
798,DB00408,P08913,1
799,DB03918,P29474,1
800,DB00619,P20815,1
801,DB04799,P07919,1
802,DB01181,P08684,1
803,DB06103,P20839,1
804,DB00718,P27144,1
805,DB07664,Q9H2G2,1
806,DB00338,P05177,1
807,DB04833,P08684,1
808,DB00291,P09211,1
809,DB08236,O15143,1
810,DB00604,P20813,1
811,DB00321,P08684,1
812,DB02183,P49773,1
813,DB03478,Q9NXA8,1
814,DB00273,P31644,1
815,DB00157,Q9UDR5,1
816,DB08801,P08172,1
817,DB00262,P05177,1
818,DB05047,P42262,1
819,DB00736,P20648,1
820,DB07186,O14965,1
821,DB00382,P05177,1
822,DB07167,P07333,1
823,DB00228,P34903,1
824,DB00313,Q01118,1
825,DB01186,P10635,1
826,DB00626,P14735,1
827,DB07330,P09874,1
828,DB00625,P10635,1
829,DB00481,P08684,1
830,DB01252,Q09428,1
831,DB00313,Q99250,1
832,DB02709,P04798,1
833,DB00095,O75015,1
834,DB00904,P05181,1
835,DB00170,P04798,1
836,DB00228,Q8N1C3,1
837,DB00675,Q15125,1
838,DB00740,Q9UPY5,1
839,DB04473,P01857,1
840,DB00363,P28566,1
841,DB05232,Q9NY46,1
842,DB04844,P10635,1
843,DB00725,P11229,1
844,DB01361,P08684,1
845,DB00421,P15538,1
846,DB06204,O60656,1
847,DB07224,P07858,1
848,DB01611,Q9NR96,1
849,DB00850,P10632,1
850,DB00786,Q9Y5R2,1
851,DB00568,P10635,1
852,DB01085,P11509,1
853,DB03783,P11509,1
854,DB00095,P08637,1
855,DB07005,P00734,1
856,DB00131,Q9NR19,1
857,DB00816,P07550,1
858,DB00624,P11511,1
859,DB00160,P21549,1
860,DB06822,O75173,1
861,DB06800,P35372,1
862,DB03784,P14555,1
863,DB01029,P35503,1
864,DB00114,P80404,1
865,DB01399,P35354,1
866,DB00339,Q06278,1
867,DB00172,Q53H96,1
868,DB00696,P30939,1
869,DB00477,P11229,1
870,DB07763,P08574,1
871,DB03606,Q07343,1
872,DB00679,P11712,1
873,DB00284,O43451,1
874,DB00268,P08908,1
875,DB00393,P08235,1
876,DB00171,Q92887,1
877,DB07584,P49841,1
878,DB08437,P62917,1
879,DB00387,P20309,1
880,DB01156,P23975,1
881,DB07428,P69905,1
882,DB01361,P33261,1
883,DB07380,P17538,1
884,DB07866,P28845,1
885,DB04149,Q07343,1
886,DB08738,P48147,1
887,DB03100,P29474,1
888,DB06148,Q01959,1
889,DB02396,P02144,1
890,DB08838,P02708,1
891,DB06148,P08908,1
892,DB07764,P01857,1
893,DB08439,P02788,1
894,DB06237,P08684,1
895,DB03496,P24941,1
896,DB00231,P18505,1
897,DB01118,P24462,1
898,DB00227,P22309,1
899,DB00514,P30926,1
900,DB05486,P41597,1
901,DB06741,Q12879,1
902,DB00091,P11712,1
903,DB00155,O95865,1
904,DB00259,P33261,1
905,DB00844,P41145,1
906,DB04531,P16455,1
907,DB01587,P08684,1
908,DB01215,P24046,1
909,DB00568,P11509,1
910,DB07278,P00734,1
911,DB09078,P35916,1
912,DB06928,Q04609,1
913,DB00142,P00505,1
914,DB05130,P41597,1
915,DB01427,P01375,1
916,DB00675,P11712,1
917,DB00131,P33121,1
918,DB08132,P24941,1
919,DB00712,P11712,1
920,DB00393,P54284,1
921,DB01041,P01375,1
922,DB09036,P05231,1
923,DB01780,P62258,1
924,DB07556,P03956,1
925,DB02103,P14625,1
926,DB00114,P11216,1
927,DB00753,P62158,1
928,DB08742,Q15788,1
929,DB07821,Q13093,1
930,DB00476,P31645,1
931,DB01394,P10632,1
932,DB08804,P27338,1
933,DB01365,P35348,1
934,DB00773,P05177,1
935,DB01559,P31644,1
936,DB01437,O14764,1
937,DB08507,P08254,1
938,DB03606,Q08499,1
939,DB07771,P49356,1
940,DB04395,P23677,1
941,DB00142,O00222,1
942,DB06925,P06239,1
943,DB01380,P04150,1
944,DB02039,Q92993,1
945,DB00082,P10912,1
946,DB03314,P60174,1
947,DB00290,P18858,1
948,DB08860,P11712,1
949,DB05897,P08069,1
950,DB00041,P05181,1
951,DB00935,P35348,1
952,DB00622,P08172,1
953,DB01403,P35348,1
954,DB07872,P00742,1
955,DB00908,P05181,1
956,DB01238,P28223,1
957,DB00040,P47871,1
958,DB01063,P14416,1
959,DB09079,P17948,1
960,DB01365,P07550,1
961,DB03305,P29474,1
962,DB00794,P42262,1
963,DB00514,P10632,1
964,DB02726,P60174,1
965,DB08885,P49765,1
966,DB07142,P00374,1
967,DB04141,P14927,1
968,DB06089,P56696,1
969,DB01076,P10635,1
970,DB04953,P35503,1
971,DB01819,P13929,1
972,DB04530,P04818,1
973,DB08564,P12931,1
974,DB00358,P10635,1
975,DB00659,O14764,1
976,DB00477,P08684,1
977,DB04954,P30542,1
978,DB03253,P27487,1
979,DB06865,P00734,1
980,DB00407,P01008,1
981,DB08794,P15104,1
982,DB00142,P48506,1
983,DB01892,P09917,1
984,DB01977,P00749,1
985,DB00477,P14416,1
986,DB00138,Q9UPY5,1
987,DB05033,Q13443,1
988,DB00421,Q02641,1
989,DB03226,P01112,1
990,DB03405,P43235,1
991,DB00932,P10635,1
992,DB00133,O15269,1
993,DB03788,P10828,1
994,DB01983,P05089,1
995,DB07288,P17948,1
996,DB00290,P49916,1
997,DB00521,P08588,1
998,DB04395,P13569,1
999,DB00749,P35503,1
1000,DB05381,P25021,1
1001,DB00166,O43766,1
1002,DB07812,P49841,1
1003,DB00237,P14867,1
1004,DB09202,P25100,1
1005,DB00413,P08913,1
1006,DB00800,P18089,1
1007,DB00773,P05181,1
1008,DB00966,P33261,1
1009,DB02014,P18031,1
1010,DB09080,P07550,1
1011,DB01106,P35367,1
1012,DB00794,O00591,1
1013,DB00836,P08684,1
1014,DB00898,Q9Y698,1
1015,DB03279,P13631,1
1016,DB00532,P11712,1
1017,DB00157,Q15800,1
1018,DB08818,Q9BZV3,1
1019,DB00647,P24462,1
1020,DB08242,Q16539,1
1021,DB00749,P19793,1
1022,DB08369,P20813,1
1023,DB01295,P35348,1
1024,DB06589,P35916,1
1025,DB03003,Q03013,1
1026,DB00586,P14555,1
1027,DB00241,P34903,1
1028,DB00398,P20813,1
1029,DB05447,P41235,1
1030,DB02733,P78362,1
1031,DB00046,P05177,1
1032,DB05687,P14416,1
1033,DB07362,O14965,1
1034,DB04633,P21673,1
1035,DB08838,Q9Y2I1,1
1036,DB00446,P20815,1
1037,DB00404,Q99928,1
1038,DB00753,Q8N1C3,1
1039,DB08782,P00918,1
1040,DB00926,P10276,1
1041,DB00408,P08912,1
1042,DB00934,P28335,1
1043,DB00483,Q15822,1
1044,DB00622,P11229,1
1045,DB07357,P16442,1
1046,DB07462,P21964,1
1047,DB00145,P23416,1
1048,DB01351,P47869,1
1049,DB00875,P28223,1
1050,DB00005,P09871,1
1051,DB06288,P14416,1
1052,DB00508,P41595,1
1053,DB00940,P11229,1
1054,DB05307,P20711,1
1055,DB00991,P35354,1
1056,DB05271,P14416,1
1057,DB04272,P62312,1
1058,DB00468,P24462,1
1059,DB00200,Q9BXJ7,1
1060,DB00454,P31645,1
1061,DB01363,P08913,1
1062,DB00715,P08172,1
1063,DB00688,P16662,1
1064,DB08923,P19235,1
1065,DB01738,P05771,1
1066,DB01174,P11712,1
1067,DB04469,Q08499,1
1068,DB01352,P34903,1
1069,DB01205,P47870,1
1070,DB01076,P20815,1
1071,DB00143,Q7RTV2,1
1072,DB00013,P05121,1
1073,DB00572,P05177,1
1074,DB01419,P23219,1
1075,DB00887,P13569,1
1076,DB03814,P09211,1
1077,DB01325,Q13621,1
1078,DB00912,P10632,1
1079,DB00370,P10635,1
1080,DB00594,Q16515,1
1081,DB01790,P10644,1
1082,DB00738,P08684,1
1083,DB00712,P22309,1
1084,DB00332,P08684,1
1085,DB02902,P49888,1
1086,DB00454,P20309,1
1087,DB00157,P20839,1
1088,DB01035,P10635,1
1089,DB01065,P62158,1
1090,DB08136,P24941,1
1091,DB05785,P13631,1
1092,DB04272,O76074,1
1093,DB03900,P50579,1
1094,DB00622,P54289,1
1095,DB00418,P34903,1
1096,DB00824,P29274,1
1097,DB01239,P08912,1
1098,DB08772,O60218,1
1099,DB00360,P00439,1
1100,DB00342,P24462,1
1101,DB02311,P62942,1
1102,DB04652,Q15788,1
1103,DB00294,P06401,1
1104,DB08897,P06276,1
1105,DB02011,P00480,1
1106,DB00217,P08913,1
1107,DB00131,P16220,1
1108,DB00146,Q07973,1
1109,DB08437,P39023,1
1110,DB01212,P15104,1
1111,DB01444,P35372,1
1112,DB01708,Q13224,1
1113,DB00048,P02461,1
1114,DB00962,P14867,1
1115,DB06943,P78536,1
1116,DB00119,Q9BYV1,1
1117,DB00727,P05091,1
1118,DB06207,P35368,1
1119,DB01142,P08173,1
1120,DB04147,P02689,1
1121,DB00575,P18089,1
1122,DB00721,Q9H2S1,1
1123,DB07161,O60674,1
1124,DB01625,P20309,1
1125,DB01049,P78334,1
1126,DB02073,P02144,1
1127,DB07489,Q9Y6M4,1
1128,DB00997,O75251,1
1129,DB09078,P35968,1
1130,DB00774,P00915,1
1131,DB02772,P61626,1
1132,DB00231,P28472,1
1133,DB01176,P11712,1
1134,DB00622,P05181,1
1135,DB01174,Q12879,1
1136,DB00921,P08684,1
1137,DB07681,P06276,1
1138,DB00515,P02795,1
1139,DB03760,P23434,1
1140,DB05157,P53778,1
1141,DB00470,P34972,1
1142,DB03401,Q01082,1
1143,DB04940,Q9H4B7,1
1144,DB07606,P24941,1
1145,DB01483,P31644,1
1146,DB00030,P05177,1
1147,DB06623,P08913,1
1148,DB00785,P08173,1
1149,DB01045,P05177,1
1150,DB00148,P48029,1
1151,DB01182,Q12809,1
1152,DB01234,P20813,1
1153,DB03814,Q6NXR0,1
1154,DB01261,P27487,1
1155,DB01864,P62330,1
1156,DB08624,P00734,1
1157,DB04395,P51570,1
1158,DB08915,P37231,1
1159,DB00795,P20815,1
1160,DB00418,P10632,1
1161,DB00142,Q13003,1
1162,DB00836,P41145,1
1163,DB08063,P19793,1
1164,DB01226,Q15822,1
1165,DB00157,P26439,1
1166,DB00224,P11712,1
1167,DB00567,P08684,1
1168,DB01224,P33261,1
1169,DB00404,P78334,1
1170,DB04886,P08684,1
1171,DB01075,P33261,1
1172,DB00801,P28472,1
1173,DB05492,P35372,1
1174,DB01583,P10827,1
1175,DB05382,P03915,1
1176,DB00171,Q96Q40,1
1177,DB00363,P20309,1
1178,DB06042,P07437,1
1179,DB00679,P14416,1
1180,DB04608,P30291,1
1181,DB00360,P17752,1
1182,DB05327,P15121,1
1183,DB08043,P00519,1
1184,DB04451,O60911,1
1185,DB00829,P28476,1
1186,DB01099,P26358,1
1187,DB08783,P18031,1
1188,DB00569,P00742,1
1189,DB04377,P04035,1
1190,DB06711,P08913,1
1191,DB00241,P14867,1
1192,DB07246,P14780,1
1193,DB03396,P50579,1
1194,DB00199,P02768,1
1195,DB06843,Q08462,1
1196,DB05271,P21728,1
1197,DB08918,P31645,1
1198,DB07688,P20248,1
1199,DB04879,P17948,1
1200,DB00333,P11712,1
1201,DB07841,Q92696,1
1202,DB00993,P00492,1
1203,DB00122,Q8NE62,1
1204,DB02164,Q9UJM8,1
1205,DB00517,P20309,1
1206,DB01274,P07550,1
1207,DB00281,Q9Y5Y9,1
1208,DB00363,P35368,1
1209,DB03765,P07998,1
1210,DB05309,P08620,1
1211,DB01483,Q13002,1
1212,DB00273,P48169,1
1213,DB07227,P49354,1
1214,DB01776,P01308,1
1215,DB00316,P05181,1
1216,DB00074,P12314,1
1217,DB01834,P09488,1
1218,DB08061,P00734,1
1219,DB08810,Q13639,1
1220,DB03685,Q7Z4J2,1
1221,DB03147,Q15067,1
1222,DB01559,P20813,1
1223,DB03379,P60174,1
1224,DB01079,P41595,1
1225,DB07230,Q15788,1
1226,DB00130,P08243,1
1227,DB00246,P14416,1
1228,DB07949,P11217,1
1229,DB01160,P43119,1
1230,DB08413,P05187,1
1231,DB04132,Q04760,1
1232,DB00659,Q9UN88,1
1233,DB02445,P46926,1
1234,DB02377,P30793,1
1235,DB00379,P05181,1
1236,DB01058,Q9HB55,1
1237,DB06228,P51589,1
1238,DB04077,Q14643,1
1239,DB05227,P28223,1
1240,DB00673,P20815,1
1241,DB01424,P10635,1
1242,DB00445,P47712,1
1243,DB06268,P25101,1
1244,DB02035,P50897,1
1245,DB01346,Q14524,1
1246,DB00695,P00918,1
1247,DB01791,P27815,1
1248,DB04680,P16442,1
1249,DB00945,Q00653,1
1250,DB01023,P08684,1
1251,DB08445,P27487,1
1252,DB06702,P20309,1
1253,DB00150,Q8IWU9,1
1254,DB00907,P11229,1
1255,DB05280,P14416,1
1256,DB06684,P10635,1
1257,DB00960,P10635,1
1258,DB01535,P41143,1
1259,DB01268,P07333,1
1260,DB00687,P08235,1
1261,DB00029,P02671,1
1262,DB04014,P49841,1
1263,DB09074,P09874,1
1264,DB00268,P35462,1
1265,DB09128,P10635,1
1266,DB00232,Q13621,1
1267,DB00342,P35367,1
1268,DB06148,P41145,1
1269,DB01351,P43681,1
1270,DB08464,P08238,1
1271,DB01049,Q9UN88,1
1272,DB00514,Q15080,1
1273,DB04859,P22303,1
1274,DB03251,P07477,1
1275,DB00140,P42898,1
1276,DB01098,P20815,1
1277,DB00069,P17181,1
1278,DB01858,P43235,1
1279,DB00457,P08913,1
1280,DB00734,P08913,1
1281,DB01708,P48169,1
1282,DB08837,Q9UGM1,1
1283,DB00448,P10632,1
1284,DB06412,P16860,1
1285,DB04959,Q5T4S7,1
1286,DB06929,P00734,1
1287,DB01233,P46098,1
1288,DB01224,P08172,1
1289,DB00108,P00736,1
1290,DB01185,P03372,1
1291,DB01169,P31749,1
1292,DB08562,P01834,1
1293,DB07134,P18031,1
1294,DB07030,P15121,1
1295,DB02187,P14061,1
1296,DB01708,Q8TCU5,1
1297,DB00199,P24462,1
1298,DB00540,P08173,1
1299,DB07901,P53582,1
1300,DB01104,P27338,1
1301,DB04851,P33527,1
1302,DB00725,P08173,1
1303,DB03374,P17612,1
1304,DB03932,P20701,1
1305,DB01115,P08684,1
1306,DB01558,A8MPY1,1
1307,DB01101,P19971,1
1308,DB00189,P34903,1
1309,DB02721,P00326,1
1310,DB00943,Q9HB55,1
1311,DB00989,P10635,1
1312,DB04861,P08588,1
1313,DB04894,P30874,1
1314,DB00570,P10635,1
1315,DB00721,P46098,1
1316,DB07755,P24941,1
1317,DB08912,Q8NG66,1
1318,DB04827,P05164,1
1319,DB01213,P11509,1
1320,DB00149,O15382,1
1321,DB04866,P08253,1
1322,DB01224,P18089,1
1323,DB00201,P05181,1
1324,DB03670,P18031,1
1325,DB01196,P78559,1
1326,DB01227,P32297,1
1327,DB02056,P42330,1
1328,DB00852,P15336,1
1329,DB00414,P16152,1
1330,DB04395,P23919,1
1331,DB01102,P07550,1
1332,DB07765,P0CG22,1
1333,DB01558,P24046,1
1334,DB00619,P00519,1
1335,DB00619,P05177,1
1336,DB00150,P20711,1
1337,DB00741,P15538,1
1338,DB00370,P35368,1
1339,DB04141,Q99643,1
1340,DB05036,O14746,1
1341,DB00313,P20815,1
1342,DB01737,P07477,1
1343,DB01207,P24557,1
1344,DB06282,P08684,1
1345,DB01142,P25100,1
1346,DB05207,P01375,1
1347,DB02255,Q9UKQ2,1
1348,DB00278,P08684,1
1349,DB01175,P35348,1
1350,DB03844,P00918,1
1351,DB00418,Q16445,1
1352,DB01095,P05177,1
1353,DB00809,P08172,1
1354,DB01218,P10632,1
1355,DB01621,P08908,1
1356,DB01189,Q9UN88,1
1357,DB07261,P00742,1
1358,DB00266,P15559,1
1359,DB00674,Q07001,1
1360,DB00334,P41595,1
1361,DB01395,P08235,1
1362,DB01233,P05093,1
1363,DB04593,P08709,1
1364,DB03153,P00492,1
1365,DB01108,P03372,1
1366,DB00270,O95180,1
1367,DB01110,P33261,1
1368,DB00142,Q9UPY5,1
1369,DB00231,P34903,1
1370,DB06228,P00742,1
1371,DB00589,P41595,1
1372,DB07174,P00797,1
1373,DB00898,Q92806,1
1374,DB07835,Q16539,1
1375,DB00241,Q9UN88,1
1376,DB00061,P62993,1
1377,DB00242,Q7LG56,1
1378,DB06977,P17612,1
1379,DB01442,P54219,1
1380,DB03766,Q9NQX3,1
1381,DB01098,P33261,1
1382,DB08044,P27487,1
1383,DB00041,P31785,1
1384,DB03250,P11217,1
1385,DB00528,P20815,1
1386,DB01412,Q07343,1
1387,DB03845,P23919,1
1388,DB08330,P22695,1
1389,DB01236,P78334,1
1390,DB08888,P01023,1
1391,DB00976,P20815,1
1392,DB07223,P07858,1
1393,DB03147,Q9UHQ9,1
1394,DB00549,P33261,1
1395,DB02494,Q9UNX3,1
1396,DB05047,P42261,1
1397,DB01173,Q8TCU5,1
1398,DB00788,P23219,1
1399,DB01058,P08684,1
1400,DB02366,P07477,1
1401,DB01238,P08173,1
1402,DB02607,P15531,1
1403,DB00958,P04731,1
1404,DB00661,P33261,1
1405,DB03726,P07998,1
1406,DB04832,P31645,1
1407,DB00381,P00915,1
1408,DB00679,P28223,1
1409,DB04272,P03950,1
1410,DB00829,P08684,1
1411,DB00327,P41145,1
1412,DB02818,P42262,1
1413,DB07317,P07900,1
1414,DB07860,P61925,1
1415,DB00108,P02746,1
1416,DB00477,P35367,1
1417,DB00926,P19793,1
1418,DB03103,P15531,1
1419,DB02448,P14555,1
1420,DB00244,P09917,1
1421,DB01026,P10275,1
1422,DB00731,P10635,1
1423,DB06441,Q9H244,1
1424,DB03395,P00797,1
1425,DB00951,P33261,1
1426,DB08047,Q15596,1
1427,DB00668,P11712,1
1428,DB00495,O14746,1
1429,DB03822,P06276,1
1430,DB00734,P14416,1
1431,DB00098,P01730,1
1432,DB00316,P54855,1
1433,DB00142,P49448,1
1434,DB00818,P10632,1
1435,DB02659,P62508,1
1436,DB01131,P05177,1
1437,DB07460,Q05397,1
1438,DB00114,O75600,1
1439,DB03126,Q7Z406,1
1440,DB00745,P20815,1
1441,DB00794,P18507,1
1442,DB01151,P35367,1
1443,DB08907,P08684,1
1444,DB00151,P48637,1
1445,DB07237,P09960,1
1446,DB06210,P40238,1
1447,DB00773,P22309,1
1448,DB04855,P35348,1
1449,DB01016,O95477,1
1450,DB00714,P14416,1
1451,DB04946,P34969,1
1452,DB01600,P23219,1
1453,DB04975,P20813,1
1454,DB00988,P21397,1
1455,DB00434,P11229,1
1456,DB00748,P05181,1
1457,DB00421,P19099,1
1458,DB03461,P42330,1
1459,DB01119,P15104,1
1460,DB08804,P10275,1
1461,DB00481,P20813,1
1462,DB00630,Q13332,1
1463,DB05804,P35354,1
1464,DB01992,Q9BWD1,1
1465,DB05475,O00206,1
1466,DB08342,Q86SZ2,1
1467,DB09330,P00533,1
1468,DB01189,P34903,1
1469,DB01252,P35503,1
1470,DB03059,Q16836,1
1471,DB02209,P11926,1
1472,DB00212,P00797,1
1473,DB04882,P11387,1
1474,DB00522,P05981,1
1475,DB01049,P31644,1
1476,DB01483,Q16445,1
1477,DB00776,P08684,1
1478,DB01303,P27815,1
1479,#Drug,Gene,1
1480,DB05091,P30518,1
1481,DB00622,Q08289,1
1482,DB00467,P05177,1
1483,DB04027,P06732,1
1484,DB05688,P31645,1
1485,DB00162,O95237,1
1486,DB02935,P14625,1
1487,DB00455,P33261,1
1488,DB00055,P00450,1
1489,DB03247,Q9NYQ3,1
1490,DB04119,P22314,1
1491,DB00171,P42684,1
1492,DB09128,P08908,1
1493,DB04793,P07477,1
1494,DB00029,P00747,1
1495,DB00358,P08684,1
1496,DB08575,P08473,1
1497,DB01496,P43681,1
1498,DB05147,Q9BUF5,1
1499,DB01559,O14764,1
1500,DB09207,P14416,1
1501,DB00622,P25100,1
1502,DB02027,P29474,1
1503,DB03461,Q04828,1
1504,DB07313,P50579,1
1505,DB01045,Q02928,1
1506,DB00786,P24347,1
1507,DB02721,P00325,1
1508,DB00683,P48169,1
1509,DB04020,Q92731,1
1510,DB01179,P07437,1
1511,DB00495,P33261,1
1512,DB00228,O14764,1
1513,DB07009,Q15788,1
1514,DB03425,DB07172,0
1515,Q14643,DB09101,0
1516,P22033,DB02259,0
1517,DB01213,Q16552,0
1518,DB05246,Q9UBQ6,0
1519,DB00106,DB08148,0
1520,DB00820,DB07742,0
1521,P35869,DB04769,0
1522,P47871,P08048,0
1523,Q9H1K4,DB08007,0
1524,DB06977,DB05314,0
1525,P07741,DB05250,0
1526,DB01708,DB04066,0
1527,O14735,Q15111,0
1528,DB06898,DB04493,0
1529,DB06772,O43741,0
1530,DB06439,DB00872,0
1531,DB03233,DB07969,0
1532,DB08124,DB07764,0
1533,DB03495,P25705,0
1534,DB00821,DB04021,0
1535,P63092,DB03223,0
1536,DB04682,DB03892,0
1537,Q9Y646,DB02485,0
1538,DB05115,DB02541,0
1539,P51589,DB03115,0
1540,DB07675,DB06932,0
1541,P48169,DB05846,0
1542,DB02723,DB00855,0
1543,DB06951,P51970,0
1544,DB00120,DB02287,0
1545,DB07628,P01019,0
1546,P25963,P43166,0
1547,DB07256,DB01162,0
1548,DB05297,DB07321,0
1549,DB00574,DB00699,0
1550,DB02868,P08238,0
1551,DB07847,DB07377,0
1552,DB07731,Q96BI3,0
1553,DB03594,DB01056,0
1554,DB02991,P54802,0
1555,DB03793,DB05412,0
1556,DB08241,DB08771,0
1557,O94768,DB01677,0
1558,Q9Y286,DB08094,0
1559,DB05389,O43252,0
1560,Q13362,DB02772,0
1561,DB03670,DB08640,0
1562,P62714,Q9UBQ6,0
1563,DB07133,DB02979,0
1564,P16471,DB03976,0
1565,DB04244,DB01237,0
1566,DB07835,DB02984,0
1567,Q13370,DB02165,0
1568,DB04873,DB03078,0
1569,DB06865,Q7L5Y9,0
1570,DB06727,DB07069,0
1571,P11245,DB00992,0
1572,DB02104,O75715,0
1573,O15145,DB05042,0
1574,DB04829,DB03468,0
1575,Q9Y6F1,DB03650,0
1576,DB02857,DB02292,0
1577,DB06730,P49773,0
1578,Q13956,DB07833,0
1579,DB06868,DB03430,0
1580,DB00280,Q9Y2D1,0
1581,DB07277,DB00984,0
1582,DB04297,DB00650,0
1583,P49773,P30968,0
1584,P25100,P48736,0
1585,DB09217,DB00600,0
1586,DB03932,DB07875,0
1587,P00156,DB03802,0
1588,Q16832,DB01818,0
1589,DB00882,P08246,0
1590,DB02193,DB07644,0
1591,DB01422,P54886,0
1592,Q9NR82,DB04787,0
1593,DB01220,Q9BUF5,0
1594,P41439,P11498,0
1595,O75865,DB04873,0
1596,DB00372,DB06691,0
1597,DB00822,P20309,0
1598,DB00487,Q00796,0
1599,DB04839,DB01571,0
1600,O95342,DB04572,0
1601,DB03581,DB07081,0
1602,DB00009,DB00070,0
1603,Q16719,DB02185,0
1604,DB05077,DB07306,0
1605,DB04260,DB05098,0
1606,DB02813,DB01388,0
1607,Q9UQF2,DB04551,0
1608,DB00474,DB03086,0
1609,P28472,DB03850,0
1610,Q9BXI2,DB08321,0
1611,DB03189,DB08593,0
1612,DB03759,P13945,0
1613,O15145,P45983,0
1614,DB06168,Q8WWT9,0
1615,DB00661,P35398,0
1616,DB06069,Q14994,0
1617,DB03737,DB02918,0
1618,DB07363,DB01241,0
1619,DB00107,DB04278,0
1620,Q16348,DB02701,0
1621,DB00212,DB00731,0
1622,DB05389,P41252,0
1623,DB04956,DB01567,0
1624,DB04485,DB08140,0
1625,DB05014,P23109,0
1626,P29275,Q15046,0
1627,DB09217,P0DMS8,0
1628,DB06708,P46459,0
1629,DB00789,DB02767,0
1630,Q08881,DB03814,0
1631,DB08082,P48167,0
1632,DB00967,DB02621,0
1633,DB01340,DB01361,0
1634,Q6WRI0,P08581,0
1635,Q9BQB6,Q16831,0
1636,P02458,DB07298,0
1637,DB03443,DB08333,0
1638,P48061,O76054,0
1639,P25024,DB00602,0
1640,DB07104,DB07251,0
1641,DB00161,DB07561,0
1642,DB02448,O75521,0
1643,DB01142,P49788,0
1644,DB01276,P01764,0
1645,DB06201,P08842,0
1646,DB00726,P51857,0
1647,DB05304,DB06841,0
1648,DB08546,DB07011,0
1649,DB03958,DB00903,0
1650,DB01092,DB06972,0
1651,DB03628,O60939,0
1652,DB00422,Q9HBL8,0
1653,DB00701,DB08903,0
1654,DB00254,DB07064,0
1655,DB04495,DB02292,0
1656,P31358,DB06292,0
1657,DB07592,DB00374,0
1658,DB00576,DB00100,0
1659,DB08764,DB04394,0
1660,DB00979,DB06842,0
1661,Q9UM73,DB07497,0
1662,DB00596,DB07456,0
1663,DB00121,P35348,0
1664,DB07768,DB07815,0
1665,DB08373,Q9UGN5,0
1666,DB01613,DB00866,0
1667,DB00259,Q8TCD5,0
1668,DB02367,Q9HAW7,0
1669,DB01608,DB06938,0
1670,P34903,DB08273,0
1671,P62937,DB00683,0
1672,P18846,DB08631,0
1673,DB03484,DB08786,0
1674,DB00868,Q9Y289,0
1675,DB08097,DB06168,0
1676,DB05255,DB01064,0
1677,DB01832,DB03856,0
1678,P43119,P48147,0
1679,P23434,DB04258,0
1680,P55011,Q03403,0
1681,Q99418,P17538,0
1682,DB08465,P11245,0
1683,DB09076,DB07680,0
1684,DB07968,DB04233,0
1685,DB00810,DB00851,0
1686,P23677,DB01114,0
1687,P32754,DB05478,0
1688,P04271,DB05147,0
1689,Q86VB7,DB00492,0
1690,P0CG47,DB03061,0
1691,DB07955,DB04889,0
1692,DB08709,Q13547,0
1693,DB04005,DB05455,0
1694,O75600,DB05065,0
1695,P12724,P41594,0
1696,DB02345,DB06204,0
1697,DB02872,DB03738,0
1698,P04839,DB04774,0
1699,DB07991,DB03575,0
1700,DB01149,DB08888,0
1701,DB07579,DB03585,0
1702,DB03061,DB01103,0
1703,DB04142,Q96QU6,0
1704,DB00093,P53355,0
1705,DB03471,DB04109,0
1706,Q15303,Q92953,0
1707,DB08864,DB04852,0
1708,Q02221,DB05104,0
1709,DB04930,Q6UX15,0
1710,P05556,DB08562,0
1711,P45844,DB06413,0
1712,DB00269,DB00058,0
1713,DB00457,DB00861,0
1714,DB07403,DB00179,0
1715,DB08056,Q9Y2Z4,0
1716,Q13126,DB07261,0
1717,DB04149,DB03951,0
1718,DB04674,P62913,0
1719,DB07563,Q9NSA2,0
1720,DB03392,DB02211,0
1721,Q9NQ25,DB04599,0
1722,DB07032,Q99735,0
1723,O00180,DB03910,0
1724,DB07689,DB00849,0
1725,DB08577,DB07389,0
1726,P23280,P60880,0
1727,DB02640,P22888,0
1728,DB01941,DB05488,0
1729,P49137,P01848,0
1730,Q96C24,DB03486,0
1731,Q99712,DB05338,0
1732,P49189,DB04820,0
1733,DB08689,DB00545,0
1734,DB07027,DB04871,0
1735,A8MPY1,DB07309,0
1736,P68400,DB05486,0
1737,DB08385,Q16772,0
1738,DB04335,DB02846,0
1739,DB03685,DB06809,0
1740,DB07622,DB02875,0
1741,Q9UQF2,DB07899,0
1742,DB05316,P15336,0
1743,DB07101,DB06901,0
1744,P17931,DB08230,0
1745,Q02338,P33151,0
1746,DB04768,DB01022,0
1747,P22888,P45844,0
1748,DB03096,DB07465,0
1749,DB02721,DB03925,0
1750,Q32P28,DB00761,0
1751,DB00475,DB02062,0
1752,DB04783,DB00496,0
1753,Q9Y468,DB05299,0
1754,DB07756,DB04833,0
1755,DB04709,P15391,0
1756,DB00841,Q13621,0
1757,DB08323,DB02938,0
1758,Q16478,P51178,0
1759,DB00170,DB03005,0
1760,Q13332,DB00312,0
1761,DB00738,DB00243,0
1762,DB00465,P35913,0
1763,DB07543,DB06616,0
1764,DB05094,DB00505,0
1765,DB00875,DB06439,0
1766,Q13748,Q96HD9,0
1767,Q8IUZ5,DB01454,0
1768,DB03708,DB04068,0
1769,DB00711,O43676,0
1770,DB08037,DB01161,0
1771,Q7L266,DB07529,0
1772,P20618,DB00823,0
1773,DB02820,DB05303,0
1774,DB01917,P55055,0
1775,DB04249,P27986,0
1776,O15145,DB08490,0
1777,DB01202,DB01908,0
1778,O15379,Q13285,0
1779,DB04150,DB05256,0
1780,DB06986,DB05042,0
1781,DB04371,DB02007,0
1782,DB08762,DB07508,0
1783,P05546,DB06884,0
1784,P36021,DB08330,0
1785,DB00440,Q9UQL6,0
1786,DB02843,Q96DP5,0
1787,DB08734,P49327,0
1788,DB07148,DB03809,0
1789,DB08024,DB02180,0
1790,DB09049,DB02197,0
1791,DB01394,Q9H2P9,0
1792,DB08000,P08519,0
1793,O76082,DB02635,0
1794,O60779,DB05073,0
1795,Q9Y698,Q9NP56,0
1796,DB08241,DB03305,0
1797,DB07393,Q9UBX1,0
1798,DB08312,P17787,0
1799,Q01362,P02776,0
1800,DB08326,DB01927,0
1801,DB03408,O60391,0
1802,Q16478,DB05133,0
1803,DB06990,P04632,0
1804,P10632,DB06419,0
1805,DB00462,P48167,0
1806,Q8NBP7,P09086,0
1807,P35241,DB07295,0
1808,DB02303,DB04653,0
1809,Q9UKQ2,P04629,0
1810,DB08683,DB02712,0
1811,P36969,Q9BXI2,0
1812,DB07558,DB07325,0
1813,P52848,DB08807,0
1814,DB00518,DB08377,0
1815,DB05391,DB07968,0
1816,P05162,DB00178,0
1817,DB03980,DB00195,0
1818,Q9UBK8,P27824,0
1819,P07098,DB00726,0
1820,DB07987,Q86W47,0
1821,DB02800,DB07701,0
1822,DB03581,DB04800,0
1823,DB06770,DB01007,0
1824,DB04485,P30536,0
1825,O14793,DB04066,0
1826,DB00570,P51857,0
1827,DB03191,P34059,0
1828,DB00152,P06576,0
1829,DB07448,P50613,0
1830,DB07788,Q92947,0
1831,DB07966,P09601,0
1832,DB07900,DB08888,0
1833,DB07390,DB00637,0
1834,P30968,DB08277,0
1835,DB03937,O00217,0
1836,P19113,DB07624,0
1837,DB00896,DB07179,0
1838,DB08529,DB02282,0
1839,P06280,DB07859,0
1840,P45983,DB03809,0
1841,DB08334,DB03019,0
1842,DB07431,DB03283,0
1843,O14939,P41180,0
1844,Q15648,DB04614,0
1845,DB04799,DB04920,0
1846,P28331,DB02116,0
1847,Q01668,DB01397,0
1848,DB04325,P13631,0
1849,DB06956,P19883,0
1850,DB04216,DB01320,0
1851,DB08789,DB06775,0
1852,DB08143,DB04757,0
1853,DB07999,DB03707,0
1854,DB01053,DB01101,0
1855,DB03206,DB03702,0
1856,DB01118,P35237,0
1857,DB07684,DB03867,0
1858,P22694,DB00133,0
1859,DB00361,Q13639,0
1860,DB01771,DB07881,0
1861,P16220,DB06843,0
1862,DB00659,P14416,0
1863,DB00418,DB01069,0
1864,DB07595,DB07763,0
1865,DB07908,DB00127,0
1866,P18510,DB00746,0
1867,Q8IWT1,DB05109,0
1868,Q13956,DB04059,0
1869,DB07157,DB03008,0
1870,DB03971,P00519,0
1871,DB02731,P01579,0
1872,DB05694,DB02007,0
1873,DB03510,O14646,0
1874,P24394,DB07069,0
1875,DB08070,DB00260,0
1876,P39023,P20618,0
1877,Q8TCD5,DB00313,0
1878,DB07230,DB00320,0
1879,DB05419,Q99519,0
1880,DB06733,P28074,0
1881,P43080,P15382,0
1882,DB00118,DB09292,0
1883,DB00099,DB00187,0
1884,DB07597,P50052,0
1885,DB05341,DB08053,0
1886,DB03271,DB08348,0
1887,DB03348,P02776,0
1888,P20248,DB00367,0
1889,DB02494,DB00775,0
1890,DB05744,O95644,0
1891,DB00154,P01023,0
1892,DB03709,DB08213,0
1893,Q06609,Q16348,0
1894,P62917,DB08059,0
1895,P62937,P53597,0
1896,O75828,DB05014,0
1897,DB05930,DB00449,0
1898,Q00653,DB02221,0
1899,P05141,DB05361,0
1900,DB08624,DB07498,0
1901,DB01776,DB02084,0
1902,DB01366,DB00217,0
1903,DB00063,DB04020,0
1904,DB04683,P13073,0
1905,DB04531,DB04852,0
1906,DB02533,DB01963,0
1907,DB04074,P42345,0
1908,DB04089,Q92876,0
1909,DB05463,DB03738,0
1910,DB07058,O95907,0
1911,DB00945,DB01226,0
1912,Q15758,DB04434,0
1913,DB08250,P29475,0
1914,DB07027,DB03701,0
1915,DB07544,DB00370,0
1916,DB02697,DB08614,0
1917,P24310,DB01870,0
1918,DB04861,DB05159,0
1919,DB00238,DB07286,0
1920,Q9Y600,DB08659,0
1921,DB01017,DB01048,0
1922,DB05434,DB01333,0
1923,DB07264,DB02449,0
1924,Q9NZV8,DB04964,0
1925,DB06892,P38606,0
1926,DB02296,P00167,0
1927,DB01054,P11717,0
1928,DB03987,DB07498,0
1929,DB07235,DB02644,0
1930,DB04468,O60427,0
1931,P22392,DB02052,0
1932,DB04027,DB05364,0
1933,DB04938,DB03693,0
1934,Q92569,DB06335,0
1935,P05412,DB00185,0
1936,DB00454,DB07397,0
1937,DB01805,Q9NXA8,0
1938,DB03593,DB00849,0
1939,P06280,DB02918,0
1940,P63098,DB02552,0
1941,DB01082,P13688,0
1942,DB05469,DB03507,0
1943,P68104,P20813,0
1944,DB07608,Q9Y478,0
1945,O76082,DB08009,0
1946,DB06751,P20963,0
1947,P29377,DB06930,0
1948,P41250,DB07744,0
1949,Q99436,Q06278,0
1950,DB01776,DB03835,0
1951,DB07751,DB01103,0
1952,DB05141,P15813,0
1953,DB05472,DB00020,0
1954,Q16558,P42338,0
1955,DB08900,DB02720,0
1956,DB04036,P07900,0
1957,DB01366,DB05798,0
1958,P40925,P48506,0
1959,DB00841,DB03307,0
1960,DB07119,DB05131,0
1961,DB02080,DB00889,0
1962,DB01963,DB01356,0
1963,O43447,DB01437,0
1964,DB07038,P10092,0
1965,DB07256,DB08611,0
1966,DB03663,DB07126,0
1967,DB03128,Q8N159,0
1968,DB04392,Q16877,0
1969,O14792,Q99735,0
1970,O60911,DB00100,0
1971,DB03951,DB06973,0
1972,Q13002,P12319,0
1973,P17213,P31040,0
1974,DB04805,DB07714,0
1975,DB05463,Q96IY4,0
1976,P21283,DB01248,0
1977,DB03891,DB06984,0
1978,O14756,DB08695,0
1979,DB01832,DB00307,0
1980,P10515,DB05210,0
1981,DB07070,P45954,0
1982,DB05337,DB07159,0
1983,DB06924,DB04013,0
1984,Q9GZP0,P09110,0
1985,Q13621,DB02395,0
1986,DB06912,DB01373,0
1987,DB01649,DB03918,0
1988,P41594,DB03721,0
1989,DB00626,DB04753,0
1990,P09884,DB07702,0
1991,DB07615,O00764,0
1992,DB08492,P54219,0
1993,DB05374,P35749,0
1994,DB02696,P78334,0
1995,DB02342,DB00246,0
1996,DB00680,DB03477,0
1997,DB07587,DB01222,0
1998,P01709,DB00298,0
1999,DB00436,DB04930,0
2000,DB07595,#Drug,0
2001,P15309,DB07297,0
2002,DB05867,DB04760,0
2003,P23434,P01130,0
2004,DB01271,P53609,0
2005,DB00520,DB07245,0
2006,DB00372,DB08522,0
2007,DB03305,DB00243,0
2008,Q05513,DB07638,0
2009,P41240,DB00812,0
2010,DB09102,DB07567,0
2011,DB03696,Q07817,0
2012,DB02308,Q16775,0
2013,Q9UL51,DB07224,0
2014,O60603,DB01424,0
2015,DB02585,DB03740,0
2016,P25024,DB00175,0
2017,DB07506,P49913,0
2018,DB01536,DB03643,0
2019,DB08134,DB08675,0
2020,DB06844,DB03983,0
2021,DB01631,Q96HD9,0
2022,Q03181,DB00183,0
2023,DB03535,DB04890,0
2024,DB05494,DB04005,0
2025,DB07959,DB04967,0
2026,Q86SZ2,Q13464,0
2027,DB01497,DB06829,0
2028,DB04977,DB07022,0
2029,P27695,DB06914,0
2030,P47897,DB00687,0
2031,DB03702,DB05419,0
2032,DB04978,DB02604,0
2033,DB04470,DB03072,0
2034,Q16774,O60760,0
2035,P30968,DB07046,0
2036,Q13393,DB05096,0
2037,P04731,DB07140,0
2038,DB07115,DB00264,0
2039,Q9Y2U5,DB08015,0
2040,Q9UJ70,P63208,0
2041,P08697,Q9Y277,0
2042,Q99436,DB09031,0
2043,DB07849,DB02848,0
2044,DB07593,P01744,0
2045,DB00109,Q9UKM7,0
2046,DB05187,DB08654,0
2047,DB05264,DB07270,0
2048,P35754,Q8N5Z0,0
2049,DB02651,DB00116,0
2050,Q96Q83,P03956,0
2051,DB04878,DB08899,0
2052,DB08339,P60953,0
2053,DB00491,Q9Y5R2,0
2054,DB00808,P25705,0
2055,DB00535,P17342,0
2056,DB02834,P07947,0
2057,O60909,Q03013,0
2058,DB00021,P19320,0
2059,DB03336,DB06691,0
2060,P07478,Q6UWM7,0
2061,DB08499,DB07984,0
2062,DB02222,DB07489,0
2063,DB08770,P08173,0
2064,DB09065,DB00722,0
2065,DB02989,DB04991,0
2066,DB04387,Q9NYK1,0
2067,DB08368,DB07637,0
2068,DB03765,DB01842,0
2069,DB04204,P53609,0
2070,P32929,P09619,0
2071,DB01586,DB08257,0
2072,P09104,P35790,0
2073,DB08900,DB06901,0
2074,DB08118,DB00823,0
2075,DB06897,DB04256,0
2076,Q02928,P12259,0
2077,DB04859,P54886,0
2078,Q92930,DB05104,0
2079,DB02201,DB08776,0
2080,Q16665,DB00907,0
2081,DB05304,DB07950,0
2082,P06133,DB07292,0
2083,P35968,P05113,0
2084,DB00425,DB02692,0
2085,Q05940,DB01827,0
2086,DB03365,Q15825,0
2087,DB01442,DB01346,0
2088,DB00341,DB06073,0
2089,DB05266,DB04348,0
2090,DB00412,DB05688,0
2091,DB08262,O14842,0
2092,DB07336,P00403,0
2093,P51172,DB01269,0
2094,DB01273,DB01259,0
2095,P02775,DB01738,0
2096,DB00932,DB06751,0
2097,DB07285,DB01381,0
2098,DB01063,DB00148,0
2099,P62750,DB01324,0
2100,DB07489,P05121,0
2101,DB04237,DB02258,0
2102,DB03708,P07225,0
2103,P18509,DB07862,0
2104,DB04270,Q16850,0
2105,DB01209,DB02930,0
2106,DB01782,DB08397,0
2107,P02689,DB08733,0
2108,DB04008,P02671,0
2109,DB06605,DB02763,0
2110,P04156,DB00656,0
2111,DB08124,P30988,0
2112,DB03040,DB01411,0
2113,DB03337,DB08329,0
2114,Q9UQD0,P51681,0
2115,DB00862,DB07423,0
2116,DB06845,Q9NPJ3,0
2117,DB06852,DB07130,0
2118,DB04898,DB06894,0
2119,DB08676,Q9NSD5,0
2120,Q08462,Q92769,0
2121,DB04661,DB07816,0
2122,Q16853,Q7L0J3,0
2123,DB07213,DB01877,0
2124,DB00746,DB04636,0
2125,DB00449,DB08534,0
2126,DB01212,DB06939,0
2127,DB02348,P00751,0
2128,P01023,DB00879,0
2129,DB04925,DB07790,0
2130,DB05317,Q8TCU5,0
2131,Q96EY8,DB06925,0
2132,P04179,DB04869,0
2133,P02775,DB08057,0
2134,DB01210,DB07388,0
2135,DB01005,P08588,0
2136,P42684,DB07440,0
2137,DB06273,DB03781,0
2138,DB08565,DB01234,0
2139,DB08180,DB00562,0
2140,DB03837,DB04644,0
2141,DB07846,P26439,0
2142,DB01979,DB05030,0
2143,DB06317,O43674,0
2144,DB05507,DB09071,0
2145,Q9Y3I0,DB07558,0
2146,DB08354,Q14957,0
2147,DB07949,DB02910,0
2148,P56937,P39900,0
2149,DB07179,DB08487,0
2150,DB01025,DB08773,0
2151,DB04088,P18505,0
2152,P51170,DB05446,0
2153,P55011,DB07031,0
2154,DB02189,DB00972,0
2155,Q16881,DB03456,0
2156,DB02084,DB00358,0
2157,P16070,DB04098,0
2158,DB07845,DB06678,0
2159,DB08449,Q6UWP2,0
2160,DB01123,P35225,0
2161,DB02034,P62917,0
2162,DB01196,DB01412,0
2163,DB08788,DB05771,0
2164,O95363,DB08165,0
2165,P09210,DB04253,0
2166,DB04716,DB08001,0
2167,DB08082,DB08635,0
2168,DB08811,DB07274,0
2169,DB04664,DB01064,0
2170,DB06852,DB02846,0
2171,DB00122,DB00614,0
2172,Q8TED1,DB00922,0
2173,DB03612,Q96IY4,0
2174,DB07746,DB01454,0
2175,DB02611,Q96GW9,0
2176,DB07840,P48039,0
2177,Q8NBP7,P13861,0
2178,P98066,Q9UGI9,0
2179,DB07347,DB08070,0
2180,DB02492,Q14181,0
2181,DB05434,O75874,0
2182,DB06875,DB08897,0
2183,Q9HD40,DB08730,0
2184,DB07912,DB07686,0
2185,DB01756,P22695,0
2186,P21918,P11086,0
2187,P08908,DB02754,0
2188,DB08770,P47989,0
2189,DB01394,DB03892,0
2190,DB02166,DB05283,0
2191,P00451,DB03742,0
2192,P28223,DB07435,0
2193,Q7L266,DB07263,0
2194,DB01176,Q01668,0
2195,DB01579,DB05897,0
2196,P01892,DB04391,0
2197,DB00499,DB00904,0
2198,DB01165,DB01662,0
2199,DB00195,DB03575,0
2200,DB07730,DB00987,0
2201,P47895,Gene,0
2202,Q96GD0,Q99661,0
2203,P05787,DB01170,0
2204,DB08733,DB06963,0
2205,DB02888,DB07621,0
2206,O43570,DB02528,0
2207,DB08167,DB05052,0
2208,O43766,Q8WX39,0
2209,DB01983,Q9NSD9,0
2210,DB08827,DB08369,0
2211,DB03867,DB04400,0
2212,DB01239,DB08776,0
2213,DB04644,DB01361,0
2214,DB02910,DB02763,0
2215,P32322,DB07079,0
2216,DB01356,DB07796,0
2217,P07602,DB02486,0
2218,DB02426,DB04892,0
2219,DB00964,P56282,0
2220,DB01933,DB07247,0
2221,DB00631,DB08420,0
2222,DB07116,Q9Y5Y9,0
2223,DB04564,DB08658,0
2224,DB02651,P54289,0
2225,P19801,DB04890,0
2226,Q99436,DB03708,0
2227,DB07197,DB00555,0
2228,Q6ZMR3,P09960,0
2229,P17658,DB07812,0
2230,DB07197,Q92887,0
2231,DB04269,DB06684,0
2232,P29597,DB03495,0
2233,DB00019,DB01439,0
2234,DB07117,DB05159,0
2235,Q8N8R3,DB00884,0
2236,DB08453,DB01251,0
2237,P54855,DB07428,0
2238,Q13258,DB07023,0
2239,DB04799,DB02723,0
2240,DB00738,DB08661,0
2241,P08238,Q8TDV5,0
2242,DB04204,DB09303,0
2243,DB00650,DB00527,0
2244,DB07257,DB01119,0
2245,DB05214,DB01382,0
2246,DB07585,DB07013,0
2247,DB05403,DB00937,0
2248,DB08609,DB00215,0
2249,P25815,DB03856,0
2250,DB07168,DB01297,0
2251,O00180,DB08678,0
2252,DB00002,Q16706,0
2253,DB02861,DB06210,0
2254,P49019,P04075,0
2255,DB06951,DB08178,0
2256,DB01525,DB02761,0
2257,DB05337,DB01158,0
2258,P02452,DB08410,0
2259,P03905,O14727,0
2260,DB07347,DB01181,0
2261,DB03690,Q96AZ6,0
2262,DB00492,Q16696,0
2263,DB07152,DB01067,0
2264,Q9H4B7,P13639,0
2265,DB07339,Q15111,0
2266,Q92793,P41439,0
2267,DB05064,Q8IYQ7,0
2268,P28702,DB03016,0
2269,DB00924,DB08082,0
2270,DB07807,DB04816,0
2271,DB00054,P01138,0
2272,DB06896,DB02234,0
2273,DB04851,DB00311,0
2274,DB05443,DB02054,0
2275,DB03509,DB06650,0
2276,DB02610,DB08659,0
2277,DB00976,DB05360,0
2278,P56556,P18085,0
2279,DB00052,P07359,0
2280,DB00340,P05164,0
2281,DB06853,DB03217,0
2282,Q13526,DB07598,0
2283,P45452,Q96EN8,0
2284,Q13126,DB05023,0
2285,DB05203,DB01124,0
2286,DB02613,DB03882,0
2287,Q16671,Q9UBS5,0
2288,DB00621,DB08647,0
2289,DB08915,DB03016,0
2290,Q96AE4,DB07555,0
2291,DB02887,Q9UHI7,0
2292,DB01094,O75676,0
2293,P08253,P41091,0
2294,DB04459,DB07459,0
2295,DB07730,DB08025,0
2296,DB05749,Q9UBQ6,0
2297,DB05052,O94808,0
2298,Q12756,DB01274,0
2299,DB07996,P15144,0
2300,P45452,DB07021,0
2301,P47871,DB03910,0
2302,Q13393,DB02763,0
2303,P18440,DB00289,0
2304,DB01793,DB08791,0
2305,DB05399,DB00072,0
2306,DB05921,P00414,0
2307,P43116,P15509,0
2308,DB07513,DB03918,0
2309,DB08095,DB04098,0
2310,DB00255,DB04972,0
2311,DB04311,P14416,0
2312,DB00932,Q10588,0
2313,P05155,DB06875,0
2314,P61626,P10398,0
2315,DB03250,P02751,0
2316,O15169,Q96RP8,0
2317,DB08247,DB08870,0
2318,DB00719,P05062,0
2319,DB02936,DB08182,0
2320,O60909,DB02509,0
2321,DB08396,P16234,0
2322,DB07419,DB00757,0
2323,DB01863,DB06016,0
2324,DB04163,Q16740,0
2325,DB07642,Q00987,0
2326,DB07688,DB00028,0
2327,DB04451,P01764,0
2328,DB01835,DB04933,0
2329,O95932,P54278,0
2330,P21549,DB06858,0
2331,DB07394,DB07837,0
2332,DB04043,Q16850,0
2333,DB06196,DB06933,0
2334,DB05213,DB04260,0
2335,Q96RJ0,Q6TME4,0
2336,DB00041,P42338,0
2337,P62993,P0C0L5,0
2338,DB00063,DB02486,0
2339,Gene,DB01084,0
2340,P31645,DB01842,0
2341,P23458,DB07318,0
2342,DB03040,DB05258,0
2343,DB04207,P16455,0
2344,P98170,DB03115,0
2345,DB00041,O95298,0
2346,DB04348,Q9NZV6,0
2347,DB01221,P12236,0
2348,DB05460,DB04008,0
2349,Q02880,DB07747,0
2350,P68366,DB08609,0
2351,DB04018,P15954,0
2352,P10827,DB03273,0
2353,P15104,DB04572,0
2354,DB03686,P23467,0
2355,DB01006,DB00800,0
2356,P29508,DB01028,0
2357,DB02221,P49327,0
2358,DB05389,DB06849,0
2359,O15269,P16455,0
2360,Q92847,DB08135,0
2361,DB04521,DB07070,0
2362,DB09272,DB06920,0
2363,DB01254,P48061,0
2364,DB00920,DB04841,0
2365,DB01640,DB08819,0
2366,DB01520,DB04855,0
2367,Q86XF0,Q8N119,0
2368,P00750,DB03124,0
2369,P47712,DB00505,0
2370,DB01024,P11509,0
2371,DB00613,DB03052,0
2372,P43004,DB04540,0
2373,DB03217,DB06734,0
2374,P20309,DB08733,0
2375,DB06902,DB05256,0
2376,DB02034,DB01036,0
2377,DB00381,DB02877,0
2378,DB08170,P05154,0
2379,P09466,DB08389,0
2380,P54317,DB04256,0
2381,DB02690,DB02458,0
2382,DB01890,O14735,0
2383,DB08241,DB00069,0
2384,DB07311,DB01392,0
2385,P16473,Q9GZZ6,0
2386,DB02931,DB04446,0
2387,Q2M3G0,DB07079,0
2388,Q9NUV7,DB03959,0
2389,P12236,DB07032,0
2390,DB01411,DB07979,0
2391,DB04132,DB04253,0
2392,Q02809,DB00978,0
2393,P84098,P20963,0
2394,DB04937,DB01595,0
2395,DB04872,O43272,0
2396,DB07270,DB04002,0
2397,DB06929,P06276,0
2398,DB06282,Q8NFW8,0
2399,DB07700,Q9BQB6,0
2400,Q96I15,DB07393,0
2401,DB06144,DB08398,0
2402,DB01664,DB08818,0
2403,DB01854,DB02730,0
2404,DB04954,Q14749,0
2405,P18505,DB08059,0
2406,DB04776,DB05708,0
2407,P30556,DB08137,0
2408,DB01727,DB00104,0
2409,DB07999,DB00054,0
2410,DB03276,DB00697,0
2411,P07998,DB07597,0
2412,P02585,DB08149,0
2413,DB02466,DB02004,0
2414,P49368,DB00166,0
2415,DB04912,DB08118,0
2416,DB01232,DB03225,0
2417,Q9UBK8,DB08291,0
2418,Q92506,DB00180,0
2419,DB03495,DB06775,0
2420,DB02448,P51570,0
2421,DB03606,DB03240,0
2422,DB00895,P08254,0
2423,DB00323,DB08040,0
2424,DB05505,P17658,0
2425,DB00128,P98164,0
2426,DB07319,P32745,0
2427,P68366,DB01766,0
2428,DB02072,DB04645,0
2429,DB04251,DB00847,0
2430,DB03709,DB07276,0
2431,DB08486,DB00905,0
2432,DB08436,DB02467,0
2433,DB01618,DB03005,0
2434,Q03393,DB08602,0
2435,DB03664,DB03861,0
2436,DB08503,DB05022,0
2437,P00387,DB00615,0
2438,DB07542,DB07298,0
2439,DB02508,P23526,0
2440,DB01481,DB00580,0
2441,DB03062,DB07834,0
2442,DB01199,DB06738,0
2443,DB03896,DB06884,0
2444,Q92843,DB01662,0
2445,DB05332,DB01348,0
2446,DB07749,P05155,0
2447,DB08557,O60939,0
2448,DB00967,DB00727,0
2449,DB04577,DB05120,0
2450,Q07001,DB08532,0
2451,DB02728,P11245,0
2452,Q14541,DB00067,0
2453,P07478,DB04396,0
2454,DB01081,DB04036,0
2455,O43704,P30411,0
2456,DB09078,O43681,0
2457,P26440,DB00761,0
2458,DB08351,DB04723,0
2459,Q9UIC8,DB06089,0
2460,DB03664,P30519,0
2461,Q9BY66,DB07389,0
2462,DB00344,DB08170,0
2463,DB02820,DB03784,0
2464,P11509,P68871,0
2465,DB07605,P15538,0
2466,P43080,DB04703,0
2467,DB00873,DB04416,0
2468,DB03987,DB04008,0
2469,P13929,DB00835,0
2470,DB04327,Q8IVL5,0
2471,DB00004,DB02845,0
2472,P14410,DB05184,0
2473,DB00765,DB07140,0
2474,Q9UJS0,DB00952,0
2475,DB00624,DB07450,0
2476,DB08564,DB06719,0
2477,DB01129,DB04407,0
2478,DB07529,DB06101,0
2479,DB07158,O14756,0
2480,DB04769,DB09280,0
2481,DB08883,DB07845,0
2482,DB04845,DB04736,0
2483,DB05471,P25787,0
2484,DB03925,P51687,0
2485,DB04850,P31930,0
2486,DB09078,P78334,0
2487,Q9BVG9,DB03667,0
2488,DB00218,P31040,0
2489,DB01836,DB02358,0
2490,DB07430,DB05766,0
2491,DB00863,DB01130,0
2492,P00414,DB04326,0
2493,DB00716,DB04560,0
2494,DB07406,P30939,0
2495,DB00099,DB00768,0
2496,Q9UL51,DB08099,0
2497,Q9BZV2,DB07453,0
2498,DB06987,DB05358,0
2499,DB00099,DB07691,0
2500,DB00508,DB04233,0
2501,DB07681,DB00602,0
2502,P62750,Q9BUF5,0
2503,P00966,DB01036,0
2504,DB04509,Q13224,0
2505,P03905,Q96NR8,0
2506,DB02919,Q9Y234,0
2507,Q7Z4W1,P02458,0
2508,P28070,DB08182,0
2509,DB00336,DB02391,0
2510,DB08186,DB01406,0
2511,P35270,DB08537,0
2512,DB08536,DB01242,0
2513,O43447,Q86VU5,0
2514,DB03832,DB00547,0
2515,DB04771,DB07322,0
2516,DB08696,P47897,0
2517,DB06977,DB03332,0
2518,Q6UWN8,DB03103,0
2519,DB00521,DB01148,0
2520,DB03976,DB08057,0
2521,DB02388,DB04972,0
2522,DB01823,DB03096,0
2523,P11021,DB07665,0
2524,P11388,DB01772,0
2525,DB00008,P40306,0
2526,DB01689,DB00032,0
2527,DB01558,DB01267,0
2528,Q03181,DB01067,0
2529,O14556,DB04638,0
2530,DB08214,P01877,0
2531,Q9UHQ9,DB05153,0
2532,DB00477,DB06684,0
2533,DB05116,DB08353,0
2534,P07333,DB07974,0
2535,P06132,DB06930,0
2536,Q8TF76,O95263,0
2537,DB04057,DB05266,0
2538,DB09217,Q9GZT9,0
2539,DB08287,DB02631,0
2540,P21462,DB00156,0
2541,DB05259,DB05790,0
2542,DB04027,P09429,0
2543,DB07421,DB02345,0
2544,Q9Y251,DB04518,0
2545,P48066,DB07555,0
2546,DB01165,DB08347,0
2547,DB04253,DB07830,0
2548,DB03967,DB04845,0
2549,DB06204,DB07583,0
2550,Q13621,DB03159,0
2551,DB00605,P48167,0
2552,P25100,DB07221,0
2553,P47712,DB11362,0
2554,DB01095,DB00176,0
2555,DB03736,P48067,0
2556,P01374,DB02936,0
2557,P08912,DB02869,0
2558,DB08468,P23280,0
2559,Q9NPD5,DB04269,0
2560,DB03704,DB04020,0
2561,Q9ULC6,Q14032,0
2562,Q7RTV2,DB00283,0
2563,P49189,DB02563,0
2564,P21283,DB08891,0
2565,P16144,DB00835,0
2566,DB04878,DB03073,0
2567,Q9H4B7,DB04010,0
2568,P20711,DB08520,0
2569,Q92952,DB04495,0
2570,P61457,DB03928,0
2571,DB00589,DB04860,0
2572,DB01609,Q969G6,0
2573,DB00932,O60779,0
2574,DB01065,DB02631,0
2575,DB04088,Q9UGM1,0
2576,O95190,DB07219,0
2577,P36959,DB05065,0
2578,P07202,DB03435,0
2579,P08174,DB00402,0
2580,DB06938,DB00906,0
2581,DB00477,DB05129,0
2582,DB07246,DB02035,0
2583,DB07264,P42338,0
2584,DB08675,Q8NI22,0
2585,DB05443,Q8NER1,0
2586,DB00245,DB04463,0
2587,DB03773,DB03245,0
2588,P25021,DB06643,0
2589,DB04366,DB01400,0
2590,DB00348,P15056,0
2591,DB03670,P11474,0
2592,Q07075,DB04899,0
2593,DB07080,DB07245,0
2594,Q8N8N7,DB07077,0
2595,DB08098,DB07973,0
2596,DB08022,DB08360,0
2597,DB07521,Q8N119,0
2598,DB01397,DB02028,0
2599,DB08572,Q99624,0
2600,DB08040,DB00938,0
2601,DB08392,DB06967,0
2602,DB07219,P36542,0
2603,DB08801,DB01588,0
2604,O60882,DB00015,0
2605,Q8N8R3,P51512,0
2606,Q9Y6F1,DB03594,0
2607,P32238,DB07822,0
2608,DB07135,DB03702,0
2609,O43424,DB07676,0
2610,DB03413,DB07281,0
2611,P27361,DB01766,0
2612,DB02893,P07437,0
2613,Q6IB77,Q9H015,0
2614,DB01422,DB07504,0
2615,DB08560,DB04109,0
2616,DB00348,P48664,0
2617,DB09272,DB03935,0
2618,DB01269,P08588,0
2619,Q8WTS6,DB03566,0
2620,DB00336,DB06925,0
2621,DB08550,P67775,0
2622,P31645,DB00976,0
2623,DB00135,DB08462,0
2624,P45844,DB04020,0
2625,DB07099,DB01049,0
2626,P21397,DB07093,0
2627,DB04426,DB03405,0
2628,DB00908,DB08052,0
2629,DB00315,DB07602,0
2630,DB08064,DB00617,0
2631,P02776,DB07388,0
2632,O14786,DB03133,0
2633,P19793,P21554,0
2634,DB02235,P28062,0
2635,P51172,DB00571,0
2636,DB08906,DB00015,0
2637,DB07120,P05162,0
2638,P04839,DB06976,0
2639,P45983,DB06856,0
2640,DB05297,DB02352,0
2641,DB00694,DB03413,0
2642,Q15825,DB00055,0
2643,Q15418,P04156,0
2644,DB01947,DB07454,0
2645,Q96KG9,DB00132,0
2646,DB03758,DB02820,0
2647,P09172,DB03448,0
2648,DB07474,Q13639,0
2649,DB01277,P11216,0
2650,DB08210,DB05234,0
2651,DB04771,DB01049,0
2652,DB08658,DB06870,0
2653,DB07060,Q9Y678,0
2654,P16410,DB05282,0
2655,DB00179,P40238,0
2656,P20472,DB07504,0
2657,Q99542,DB04606,0
2658,P05362,DB08750,0
2659,DB00666,DB00017,0
2660,Q9UKM7,P31994,0
2661,DB01961,DB02999,0
2662,DB08866,DB02250,0
2663,DB08799,DB05039,0
2664,DB00434,Q9NWZ3,0
2665,DB00500,P00352,0
2666,Q07001,DB08645,0
2667,P05181,O75330,0
2668,DB05345,P38606,0
2669,DB08091,DB03501,0
2670,DB04677,DB01045,0
2671,O15067,DB01763,0
2672,DB05490,DB04454,0
2673,P28845,DB07220,0
2674,DB03991,DB02340,0
2675,DB08202,DB00156,0
2676,P23763,DB00485,0
2677,Q08209,P09960,0
2678,DB03380,DB07360,0
2679,DB02027,DB00178,0
2680,DB00450,P20309,0
2681,O14957,DB03468,0
2682,DB01640,DB06127,0
2683,P13866,DB01106,0
2684,O43548,P61927,0
2685,DB02987,DB00591,0
2686,DB08149,DB00907,0
2687,DB00797,DB05037,0
2688,DB03064,DB02763,0
2689,DB07111,DB01944,0
2690,DB01951,Q96I59,0
2691,DB07189,P61587,0
2692,DB08569,P54278,0
2693,DB02180,O95831,0
2694,DB04664,DB03666,0
2695,DB07794,DB00582,0
2696,Q09428,Q9UBX3,0
2697,DB03749,DB04854,0
2698,DB08818,DB02073,0
2699,DB03793,Q96HD9,0
2700,DB08809,DB06837,0
2701,DB03744,DB06856,0
2702,DB01205,P01133,0
2703,DB01549,DB01121,0
2704,DB02462,P13073,0
2705,DB03086,DB03932,0
2706,DB03792,DB08822,0
2707,DB03330,Q9Y275,0
2708,DB00876,DB00498,0
2709,DB08095,P35222,0
2710,DB00010,Q16760,0
2711,DB01649,DB02131,0
2712,Q9UKV0,DB03666,0
2713,DB01403,DB03217,0
2714,DB00537,DB08044,0
2715,DB01583,DB04491,0
2716,DB08119,DB02598,0
2717,DB04837,Q9HCS2,0
2718,Q7Z406,DB07558,0
2719,DB03408,DB05009,0
2720,DB00099,DB00446,0
2721,Q15118,P33527,0
2722,Q9Y2J8,DB07206,0
2723,DB07653,DB04960,0
2724,DB08848,P43681,0
2725,DB08499,P30305,0
2726,DB02250,DB03865,0
2727,DB04251,DB08906,0
2728,P07477,P47871,0
2729,DB02166,DB05092,0
2730,DB00021,DB06273,0
2731,DB00752,DB03183,0
2732,DB00530,DB01830,0
2733,DB03909,DB04464,0
2734,DB07607,Q01118,0
2735,DB07908,DB00417,0
2736,DB05007,DB00812,0
2737,P33402,DB00939,0
2738,DB06986,P05186,0
2739,DB01333,P30874,0
2740,O75489,P16109,0
2741,Q16718,DB02292,0
2742,Q04760,DB09052,0
2743,DB01675,DB08174,0
2744,P01374,DB08875,0
2745,Q9P2J5,DB05110,0
2746,P23378,DB01364,0
2747,DB07783,DB01643,0
2748,DB02351,DB01966,0
2749,DB00568,DB01766,0
2750,P12931,DB06636,0
2751,Q12866,Q969G6,0
2752,P22392,DB08235,0
2753,DB00445,DB00346,0
2754,DB08837,DB00938,0
2755,DB08751,DB03824,0
2756,DB00616,O95178,0
2757,DB00175,DB02485,0
2758,P14621,DB06963,0
2759,DB00150,DB01320,0
2760,DB03848,DB05492,0
2761,DB07149,DB04147,0
2762,DB09063,P35558,0
2763,DB03725,Q9Y5K3,0
2764,DB00401,DB02020,0
2765,O75865,DB01752,0
2766,Q99808,DB03589,0
2767,Q9ULK0,DB05098,0
2768,DB00331,DB00015,0
2769,P33402,DB08058,0
2770,DB05308,DB07034,0
2771,DB02942,DB01157,0
2772,DB01992,DB03193,0
2773,P29275,DB04618,0
2774,DB06951,DB00336,0
2775,DB02827,DB05466,0
2776,DB08756,DB03844,0
2777,DB03390,DB05470,0
2778,DB08300,P17707,0
2779,DB00210,P62745,0
2780,Q7Z2W7,DB04234,0
2781,DB07317,DB03349,0
2782,DB01675,Q01581,0
2783,DB02685,DB01126,0
2784,DB00031,DB01763,0
2785,DB03152,Q9Y5Y6,0
2786,DB02351,DB04938,0
2787,P00395,DB02395,0
2788,DB03297,P11926,0
2789,DB07383,P26572,0
2790,P04070,DB03772,0
2791,P11226,DB03419,0
2792,DB05115,DB03760,0
2793,DB08179,DB01577,0
2794,DB04224,DB07005,0
2795,DB06213,DB05217,0
2796,DB01818,DB00405,0
2797,DB02271,Q9BUF5,0
2798,DB02568,DB01660,0
2799,Q16671,DB03153,0
2800,DB08892,P02649,0
2801,DB00194,DB05314,0
2802,DB05069,DB01129,0
2803,DB03114,DB00111,0
2804,Q71U36,DB00800,0
2805,DB08486,DB07520,0
2806,P68400,DB01837,0
2807,DB03944,DB04017,0
2808,DB00013,DB04843,0
2809,Q9HBH5,P05181,0
2810,DB06695,DB01134,0
2811,O00182,P49915,0
2812,DB01276,DB08549,0
2813,DB02651,DB07936,0
2814,DB08179,DB07165,0
2815,P15291,DB03769,0
2816,DB07765,Q5TDP6,0
2817,Q8NFW8,DB02020,0
2818,DB04622,DB05039,0
2819,DB07802,DB03581,0
2820,P00414,DB08651,0
2821,DB01168,DB02518,0
2822,P28329,P00568,0
2823,DB00908,DB04983,0
2824,DB05034,DB03476,0
2825,DB07769,P15336,0
2826,P47901,DB02935,0
2827,DB07809,DB05133,0
2828,DB03476,P52569,0
2829,DB03600,DB07081,0
2830,DB02452,P28335,0
2831,P01178,P0C0L4,0
2832,DB08789,P35247,0
2833,DB07146,P21399,0
2834,P32754,P37088,0
2835,P29218,DB03084,0
2836,P02760,DB08658,0
2837,DB00253,DB03948,0
2838,DB04925,P36507,0
2839,Q08499,Q6TME4,0
2840,DB03213,DB04563,0
2841,DB00428,DB01270,0
2842,DB03633,DB08489,0
2843,DB00440,DB04307,0
2844,P36888,DB02580,0
2845,DB05220,Q16568,0
2846,DB07027,DB00987,0
2847,DB08927,DB04489,0
2848,P09210,P28908,0
2849,P15144,DB04381,0
2850,DB07198,DB01182,0
2851,DB00333,DB06693,0
2852,DB04707,DB08596,0
2853,P14410,DB05688,0
2854,DB05785,DB00356,0
2855,DB06594,DB07847,0
2856,DB09029,Q5JTZ9,0
2857,DB08437,DB01711,0
2858,Q7Z2Z2,DB08190,0
2859,DB05301,O60391,0
2860,DB01626,DB05153,0
2861,Q9Y234,DB04852,0
2862,DB02481,DB00585,0
2863,DB08394,P02751,0
2864,DB01905,Q9H3N8,0
2865,DB01594,DB00700,0
2866,Q9Y296,Q8TCU5,0
2867,DB00135,DB08773,0
2868,Q8WXA8,DB05133,0
2869,DB07689,P78527,0
2870,DB04974,DB03023,0
2871,DB08400,DB02207,0
2872,Q32P28,DB04724,0
2873,DB02491,P05108,0
2874,DB03542,DB08230,0
2875,Q16348,DB01705,0
2876,DB03026,O43739,0
2877,DB07277,DB01807,0
2878,Q9HA77,DB05921,0
2879,DB02068,O60678,0
2880,DB02868,DB01228,0
2881,DB01143,DB04368,0
2882,DB01193,Q03154,0
2883,DB00208,DB06834,0
2884,DB06706,P48736,0
2885,DB08218,DB03767,0
2886,DB07213,DB01193,0
2887,DB01851,DB02548,0
2888,DB08035,DB07535,0
2889,DB07561,P01137,0
2890,DB02345,DB00468,0
2891,O75390,P01009,0
2892,DB03981,DB03904,0
2893,DB04828,DB00217,0
2894,DB07718,DB00017,0
2895,Q9UHC9,DB04971,0
2896,P24310,DB06846,0
2897,DB04405,DB03309,0
2898,DB00259,DB03336,0
2899,P07355,DB02264,0
2900,DB03758,DB00332,0
2901,P43155,P27144,0
2902,DB02132,DB07619,0
2903,P20810,P49327,0
2904,DB03551,P26640,0
2905,P11274,DB03403,0
2906,DB08006,P17735,0
2907,DB04720,DB00496,0
2908,DB07190,DB07389,0
2909,DB05423,P51843,0
2910,P29597,P04211,0
2911,P17707,P57059,0
2912,DB05304,DB00005,0
2913,DB07804,DB04716,0
2914,DB05146,DB00939,0
2915,DB04469,DB05258,0
2916,DB05767,DB00601,0
2917,DB03003,DB00040,0
2918,DB05883,P35968,0
2919,DB08752,P07550,0
2920,DB07683,P49336,0
2921,DB04934,P26640,0
2922,P39023,P30613,0
2923,DB07106,P41231,0
2924,DB07830,DB02458,0
2925,DB05017,DB01361,0
2926,DB04741,DB03213,0
2927,DB07479,DB03696,0
2928,DB05187,Q9H2M3,0
2929,Q92953,DB02518,0
2930,P63000,DB02131,0
2931,P23946,P09210,0
2932,Q92930,DB07500,0
2933,DB06267,DB04681,0
2934,DB00809,DB03660,0
2935,DB06909,Q9Y5N1,0
2936,DB00459,DB07322,0
2937,DB08355,DB07441,0
2938,Q9UKY3,P08519,0
2939,DB04419,P24530,0
2940,DB08235,P19634,0
2941,DB01761,DB03860,0
2942,P49419,Q03154,0
2943,DB07318,DB07930,0
2944,DB03490,DB00421,0
2945,Q6PI48,DB03067,0
2946,DB00890,DB01960,0
2947,DB03714,DB07534,0
2948,DB00939,DB07181,0
2949,DB04249,P19113,0
2950,DB04166,DB03552,0
2951,P43116,Q96BI3,0
2952,DB07129,DB03298,0
2953,DB02081,Q9Y666,0
2954,DB05481,DB08418,0
2955,DB05203,DB01237,0
2956,DB01601,DB08659,0
2957,DB03417,P22301,0
2958,DB08879,Q9Y3I0,0
2959,P24158,DB03225,0
2960,DB07440,DB04091,0
2961,DB07839,Q9P289,0
2962,P48506,DB00601,0
2963,DB08499,P29323,0
2964,DB03903,DB00857,0
2965,DB07689,Q969G6,0
2966,DB00015,DB02155,0
2967,P02787,DB07036,0
2968,DB07968,P0CG29,0
2969,P43088,DB03144,0
2970,P49448,DB00968,0
2971,P07360,DB07647,0
2972,DB01242,P41143,0
2973,DB07557,P46597,0
2974,DB03904,DB07022,0
2975,P40939,Q16762,0
2976,Q9UHQ9,DB03714,0
2977,DB09031,P06310,0
2978,P24394,DB07585,0
2979,P03905,Q9Y257,0
2980,DB07696,DB00434,0
2981,Q08493,DB08480,0
2982,DB00415,DB05246,0
2983,DB06777,DB01136,0
2984,O75390,DB05739,0
2985,DB01068,Q8TCC7,0
2986,P52788,DB02082,0
2987,DB02431,DB07888,0
2988,DB06209,DB02259,0
2989,P19793,DB00799,0
2990,DB00759,DB06688,0
2991,DB01646,Q99661,0
2992,DB00575,DB03552,0
2993,P42684,DB07934,0
2994,DB02161,DB00102,0
2995,DB07031,P17252,0
2996,Q05940,DB00894,0
2997,DB01319,DB03626,0
2998,DB00064,DB04505,0
2999,DB07353,DB02772,0
3000,DB03710,DB07668,0
3001,DB04579,DB00765,0
3002,DB00979,DB00328,0
3003,DB07956,DB00407,0
3004,P02763,P12104,0
3005,DB03186,P10153,0
3006,DB02187,Q7L266,0
3007,P23368,DB01359,0
3008,DB08023,Q16206,0
3009,DB07310,DB00746,0
3010,DB04577,P54802,0
3011,DB02691,DB00370,0
3012,Q03013,DB06228,0
3013,Q9H239,DB07484,0
3014,P36871,DB08024,0
3015,DB07987,DB07877,0
3016,DB01257,DB02800,0
3017,DB06833,DB00343,0
3018,DB05386,DB01259,0
3019,DB02628,P10153,0
3020,P48552,DB05107,0
3021,P41143,O94925,0
3022,P11229,Q14520,0
3023,Q9NR97,DB08420,0
3024,Q03405,DB01170,0
3025,DB05435,DB04557,0
3026,DB08152,DB08895,0
3027,DB01255,Q9NRE1,0
